a_look-left.abap,
a_look-up_c701.abap,
a_reset-pose.abap,
a_talking-head-default01-normal.abap,
b_angry-loop_c001.abap,
b_angry-loop_c002.abap,
b_angry-loop_c003.abap,
b_angry-loop_c004.abap,
b_angry-loop_c005.abap,
b_angry-loop_c006.abap,
b_angry-loop_c007.abap,
b_angry-loop_c008.abap,
b_angry-loop_c009.abap,
b_angry-loop_c010.abap,
b_angry-loop_c011.abap,
b_angry-loop_c012.abap,
b_angry-loop_c301.abap,
b_angry-loop_c802.abap,
b_angry-loop_c803.abap,
b_angry-loop_c804.abap,
b_angry-start_c001.abap,
b_angry-start_c002.abap,
b_angry-start_c003.abap,
b_angry-start_c004.abap,
b_angry-start_c005.abap,
b_angry-start_c006.abap,
b_angry-start_c007.abap,
b_angry-start_c008.abap,
b_angry-start_c009.abap,
b_angry-start_c010.abap,
b_angry-start_c011.abap,
b_angry-start_c012.abap,
b_angry-start_c301.abap,
b_angry-start_c802.abap,
b_angry-start_c803.abap,
b_angry-start_c804.abap,
b_angry02-loop_c001.abap,
b_angry02-loop_c002.abap,
b_angry02-loop_c003.abap,
b_angry02-loop_c004.abap,
b_angry02-loop_c005.abap,
b_angry02-loop_c006.abap,
b_angry02-loop_c007.abap,
b_angry02-loop_c008.abap,
b_angry02-loop_c009.abap,
b_angry02-start_c001.abap,
b_angry02-start_c002.abap,
b_angry02-start_c003.abap,
b_angry02-start_c004.abap,
b_angry02-start_c005.abap,
b_angry02-start_c006.abap,
b_angry02-start_c007.abap,
b_angry02-start_c008.abap,
b_angry02-start_c009.abap,
b_appearance-ab004006003-cut01.abap,
b_appearance-ab006010002-cut01.abap,
b_appearance-abevap0002-cut01.abap,
b_appearance-abevap0003-cut01.abap,
b_appearance-tutorial01-cut01_c001.abap,
b_appearance-tutorial03-cut01_c001.abap,
b_appearance01-cut01-support_c001.abap,
b_appearance01-cut01-support_c002.abap,
b_appearance01-cut01-support_c003.abap,
b_appearance01-cut01-support_c004.abap,
b_appearance01-cut01-support_c005.abap,
b_appearance01-cut01-support_c006.abap,
b_appearance01-cut01-support_c007.abap,
b_appearance01-cut01-support_c008.abap,
b_appearance01-cut01-support_c009.abap,
b_appearance01-cut01-support_c010.abap,
b_appearance01-cut01-support_c011.abap,
b_appearance01-cut01-support_c012.abap,
b_appearance01-cut01-support_c301.abap,
b_appearance01-cut01-support_c302.abap,
b_appearance01-cut01-support_c303.abap,
b_appearance01-cut01-support_c304.abap,
b_appearance01-cut02-leader.abap,
b_appearance01-cut02-member.abap,
b_appearance01-end_c001.abap,
b_appearance01-end_c002.abap,
b_appearance01-end_c003.abap,
b_appearance01-end_c004.abap,
b_appearance01-end_c005.abap,
b_appearance01-end_c006.abap,
b_appearance01-end_c007.abap,
b_appearance01-end_c008.abap,
b_appearance01-end_c009.abap,
b_appearance01-end_c010.abap,
b_appearance01-end_c011.abap,
b_appearance01-end_c012.abap,
b_appearance01-end_c301.abap,
b_appearance01-end_c302.abap,
b_appearance01-end_c303.abap,
b_appearance01-end_c304.abap,
b_attack-change01-hit_w0000.abap,
b_attack-change01-hit_w1000.abap,
b_attack-change01-hit_w2000.abap,
b_attack-end01-finish_w2000.abap,
b_attack-end01-hit_w0000.abap,
b_attack-end01-hit_w1000.abap,
b_attack-end01-hit_w2000.abap,
b_attack-end01-ready-loop_w2000.abap,
b_attack-end01-ready_w1000.abap,
b_attack-end01-start_w1000.abap,
b_attack-end01-start_w2000.abap,
b_attack-extra-ab004006003_w0000.abap,
b_attack-extra01_w0000.abap,
b_attack-extra01_w1000.abap,
b_attack-extra01_w2000.abap,
b_attack01-dash_w0000.abap,
b_attack01-dash_w1000.abap,
b_attack01-dash_w2000.abap,
b_attack01-hit_w0000.abap,
b_attack01-hit_w1000.abap,
b_attack01-hit_w2000.abap,
b_attack01-ready-loop_w2000.abap,
b_attack01-ready_w0000.abap,
b_attack01-ready_w1000.abap,
b_attack01-start_w0000.abap,
b_attack01-start_w1000.abap,
b_attack01-start_w2000.abap,
b_attack02-hit_w0000.abap,
b_attack02-hit_w1000.abap,
b_attack02-hit_w2000.abap,
b_attack02-ready-loop_w2000.abap,
b_attack02-ready_w0000.abap,
b_attack02-ready_w1000.abap,
b_attack02-start-f1_w0000.abap,
b_attack02-start-f1_w1000.abap,
b_attack02-start-f1_w2000.abap,
b_attack02-start-f4_w0000.abap,
b_attack02-start-f4_w1000.abap,
b_attack02-start-f4_w2000.abap,
b_attack02-start-fc_w0000.abap,
b_attack02-start-fc_w1000.abap,
b_attack02-start-fc_w2000.abap,
b_attack03-hit_w0000.abap,
b_attack03-hit_w1000.abap,
b_attack03-hit_w2000.abap,
b_attack03-ready-loop_w2000.abap,
b_attack03-ready_w0000.abap,
b_attack03-ready_w1000.abap,
b_attack03-start_w0000.abap,
b_attack03-start_w1000.abap,
b_attack03-start_w2000.abap,
b_attack04-hit_w0000.abap,
b_attack04-hit_w1000.abap,
b_attack04-hit_w2000.abap,
b_attack04-ready-loop_w2000.abap,
b_attack04-ready_w0000.abap,
b_attack04-ready_w1000.abap,
b_attack04-start_w0000.abap,
b_attack04-start_w1000.abap,
b_attack04-start_w2000.abap,
b_bad-binder-loop_c801.abap,
b_bad-binder-start_c801.abap,
b_bad-loop_c001.abap,
b_bad-loop_c002.abap,
b_bad-loop_c003.abap,
b_bad-loop_c004.abap,
b_bad-loop_c005.abap,
b_bad-loop_c006.abap,
b_bad-loop_c007.abap,
b_bad-loop_c008.abap,
b_bad-loop_c009.abap,
b_bad-loop_c010.abap,
b_bad-loop_c011.abap,
b_bad-loop_c012.abap,
b_bad-loop_c303.abap,
b_bad-loop_c701.abap,
b_bad-loop_c802.abap,
b_bad-loop_c803.abap,
b_bad-loop_c804.abap,
b_bad-start_c001.abap,
b_bad-start_c002.abap,
b_bad-start_c003.abap,
b_bad-start_c004.abap,
b_bad-start_c005.abap,
b_bad-start_c006.abap,
b_bad-start_c007.abap,
b_bad-start_c008.abap,
b_bad-start_c009.abap,
b_bad-start_c010.abap,
b_bad-start_c011.abap,
b_bad-start_c012.abap,
b_bad-start_c303.abap,
b_bad-start_c701.abap,
b_bad-start_c802.abap,
b_bad-start_c803.abap,
b_bad-start_c804.abap,
b_bad02-loop_c001.abap,
b_bad02-loop_c002.abap,
b_bad02-loop_c003.abap,
b_bad02-loop_c004.abap,
b_bad02-loop_c005.abap,
b_bad02-loop_c006.abap,
b_bad02-loop_c007.abap,
b_bad02-loop_c008.abap,
b_bad02-loop_c009.abap,
b_bad02-start_c001.abap,
b_bad02-start_c002.abap,
b_bad02-start_c003.abap,
b_bad02-start_c004.abap,
b_bad02-start_c005.abap,
b_bad02-start_c006.abap,
b_bad02-start_c007.abap,
b_bad02-start_c008.abap,
b_bad02-start_c009.abap,
b_bashful-loop_c001.abap,
b_bashful-loop_c002.abap,
b_bashful-loop_c003.abap,
b_bashful-loop_c004.abap,
b_bashful-loop_c005.abap,
b_bashful-loop_c006.abap,
b_bashful-loop_c007.abap,
b_bashful-loop_c008.abap,
b_bashful-loop_c009.abap,
b_bashful-loop_c010.abap,
b_bashful-loop_c011.abap,
b_bashful-loop_c011_p0166_a.abap,
b_bashful-loop_c012.abap,
b_bashful-loop_c301.abap,
b_bashful-loop_c301_p6023_a.abap,
b_bashful-loop_c304.abap,
b_bashful-loop_c802.abap,
b_bashful-loop_c803.abap,
b_bashful-loop_c804.abap,
b_bashful-start_c001.abap,
b_bashful-start_c002.abap,
b_bashful-start_c003.abap,
b_bashful-start_c004.abap,
b_bashful-start_c005.abap,
b_bashful-start_c006.abap,
b_bashful-start_c007.abap,
b_bashful-start_c008.abap,
b_bashful-start_c009.abap,
b_bashful-start_c010.abap,
b_bashful-start_c011.abap,
b_bashful-start_c011_p0166_a.abap,
b_bashful-start_c012.abap,
b_bashful-start_c301.abap,
b_bashful-start_c301_p6023_a.abap,
b_bashful-start_c304.abap,
b_bashful-start_c802.abap,
b_bashful-start_c803.abap,
b_bashful-start_c804.abap,
b_bashful02-loop_c001.abap,
b_bashful02-loop_c002.abap,
b_bashful02-loop_c003.abap,
b_bashful02-loop_c004.abap,
b_bashful02-loop_c005.abap,
b_bashful02-loop_c006.abap,
b_bashful02-loop_c007.abap,
b_bashful02-loop_c008.abap,
b_bashful02-loop_c009.abap,
b_bashful02-start_c001.abap,
b_bashful02-start_c002.abap,
b_bashful02-start_c003.abap,
b_bashful02-start_c004.abap,
b_bashful02-start_c005.abap,
b_bashful02-start_c006.abap,
b_bashful02-start_c007.abap,
b_bashful02-start_c008.abap,
b_bashful02-start_c009.abap,
b_bow-loop_c701.abap,
b_bow-start_c701.abap,
b_card-awakening01-cut01_p8003.abap,
b_card-awakening01-cut01_p8006_a.abap,
b_card-awakening01-cut01_p8006_b.abap,
b_card-awakening01-cut01_p8006_c.abap,
b_card-awakening01-cut01_p8006_d.abap,
b_card-mix01-cut01a-a_p8003.abap,
b_card-mix01-cut01a-b_p8003.abap,
b_card-mix01-cut01a-c_p8003.abap,
b_card-mix01-cut01a-d_p8003.abap,
b_card-mix01-cut01a-e_p8003.abap,
b_card-mix01-cut01a-f_p8003.abap,
b_card-mix01-cut01a-g_p8003.abap,
b_card-mix01-cut01a-h_p8003.abap,
b_card-mix01-cut01a-main-loop_p8003.abap,
b_card-mix01-cut01a-main_p8003.abap,
b_contact-binder-loop_c801.abap,
b_contact-binder-start_c801.abap,
b_crystal-gazing-loop_c003.abap,
b_crystal-gazing-start_c003.abap,
b_damage-down_w0000.abap,
b_damage-down_w1000.abap,
b_damage-down_w2000.abap,
b_damage-small_w0000.abap,
b_damage-small_w1000.abap,
b_damage-small_w2000.abap,
b_depress-loop.abap,
b_depress-start.abap,
b_doubt-loop.abap,
b_doubt-start.abap,
b_down-loop_w0000.abap,
b_down-loop_w1000.abap,
b_down-loop_w2000.abap,
b_dress-item-loop.abap,
b_driving-loop_c012.abap,
b_envy-loop_c001.abap,
b_envy-start_c001.abap,
b_feel-inject-ev0044vot01-loop.abap,
b_feel-inject-ev0044vot02-loop.abap,
b_feel-inject-loop_c001.abap,
b_feel-inject-loop_c002.abap,
b_feel-inject-loop_c003.abap,
b_feel-inject-loop_c004.abap,
b_feel-inject-loop_c005.abap,
b_feel-inject-loop_c006.abap,
b_feel-inject-loop_c007.abap,
b_feel-inject-loop_c008.abap,
b_feel-inject-loop_c009.abap,
b_feel-inject-loop_c010.abap,
b_feel-inject-loop_c011.abap,
b_feel-inject-loop_c012.abap,
b_fidget-loop_c003.abap,
b_fidget-start_c003.abap,
b_frame-leftin-normal.abap,
b_frame-leftout-normal.abap,
b_frame-rightin-normal.abap,
b_frame-rightout-normal.abap,
b_gacha01-cut01a_p8002_a.abap,
b_gacha01-cut01a_p8002_b.abap,
b_gacha01-cut01a_p8002_c.abap,
b_gacha01-cut01a_p8002_d.abap,
b_gacha01-cut01a_p8002_e.abap,
b_gacha01-cut01b-loop_p8002_a.abap,
b_gacha01-cut01b-loop_p8002_b.abap,
b_gacha01-cut01b-loop_p8002_c.abap,
b_gacha01-cut01b-loop_p8002_d.abap,
b_gacha01-cut01b-loop_p8002_e.abap,
b_gacha01-cut01c_p8001_a.abap,
b_gacha01-cut01c_p8002_a.abap,
b_gacha01-cut01c_p8002_b.abap,
b_gacha01-cut01c_p8002_c.abap,
b_gacha01-cut01c_p8002_d.abap,
b_gacha01-cut01c_p8002_e.abap,
b_gacha01-cut02a_p8001_a.abap,
b_gacha01-cut02a_p8004_a.abap,
b_gacha01-end01a_p8003_a.abap,
b_gacha01-end01a_p8003_b.abap,
b_gacha01-end01a_p8004_a.abap,
b_gacha01-end01b-pt02-pose01_c001.abap,
b_gacha01-end01b-pt02-pose01_c002.abap,
b_gacha01-end01b-pt02-pose01_c003.abap,
b_gacha01-end01b-pt02-pose01_c004.abap,
b_gacha01-end01b-pt02-pose01_c005.abap,
b_gacha01-end01b-pt02-pose01_c006.abap,
b_gacha01-end01b-pt02-pose01_c007.abap,
b_gacha01-end01b-pt02-pose01_c008.abap,
b_gacha01-end01b-pt02-pose01_c009.abap,
b_gacha01-end01b-pt02-pose01_c010.abap,
b_gacha01-end01b-pt02-pose01_c011.abap,
b_gacha01-end01b-pt02-pose01_c012.abap,
b_gacha01-end01b-pt02_p8003_a.abap,
b_gacha01-end01b-pt02_p8003_b.abap,
b_gacha01-end01b_pt02-pose01_c303.abap,
b_gacha01-end01b_pt02-pose01_c304.abap,
b_gacha01-end01b_pt02_collabo.abap,
b_gacha01-end01c-pt01-loop_p8003_a.abap,
b_gacha01-end01c-pt01-loop_p8003_b.abap,
b_gacha01-end01c-pt02-loop_p8003_a.abap,
b_gacha01-end01c-pt02-loop_p8003_b.abap,
b_gacha01-end01c-pt02-pose01-loop_c001.abap,
b_gacha01-end01c-pt02-pose01-loop_c002.abap,
b_gacha01-end01c-pt02-pose01-loop_c003.abap,
b_gacha01-end01c-pt02-pose01-loop_c004.abap,
b_gacha01-end01c-pt02-pose01-loop_c005.abap,
b_gacha01-end01c-pt02-pose01-loop_c006.abap,
b_gacha01-end01c-pt02-pose01-loop_c007.abap,
b_gacha01-end01c-pt02-pose01-loop_c008.abap,
b_gacha01-end01c-pt02-pose01-loop_c009.abap,
b_gacha01-end01c-pt02-pose01-loop_c010.abap,
b_gacha01-end01c-pt02-pose01-loop_c011.abap,
b_gacha01-end01c-pt02-pose01-loop_c012.abap,
b_gacha01-end01c_pt02-pose01-loop_c303.abap,
b_gacha01-end01c_pt02-pose01-loop_c304.abap,
b_gacha01-end01c_pt02_collabo.abap,
b_gacha01-end01d-pt01_p8003_a.abap,
b_gacha01-end01d-pt01_p8003_b.abap,
b_gacha01-end01d-pt02-pose01_c001.abap,
b_gacha01-end01d-pt02-pose01_c002.abap,
b_gacha01-end01d-pt02-pose01_c003.abap,
b_gacha01-end01d-pt02-pose01_c004.abap,
b_gacha01-end01d-pt02-pose01_c005.abap,
b_gacha01-end01d-pt02-pose01_c006.abap,
b_gacha01-end01d-pt02-pose01_c007.abap,
b_gacha01-end01d-pt02-pose01_c008.abap,
b_gacha01-end01d-pt02-pose01_c009.abap,
b_gacha01-end01d-pt02-pose01_c010.abap,
b_gacha01-end01d-pt02-pose01_c011.abap,
b_gacha01-end01d-pt02-pose01_c012.abap,
b_gacha01-end01d-pt02_p8003_a.abap,
b_gacha01-end01d-pt02_p8003_b.abap,
b_gacha01-end01d_pt02-pose01_c303.abap,
b_gacha01-end01d_pt02-pose01_c304.abap,
b_gacha01-end01d_pt02_collabo.abap,
b_gacha01-wait-loop_p8004_a.abap,
b_gacha01-wait-open-loop_p8004_a.abap,
b_getup_w0000.abap,
b_getup_w1000.abap,
b_getup_w2000.abap,
b_gift-present-loop.abap,
b_gift-present-start.abap,
b_give-noogie-loop.abap,
b_give-noogie-start.abap,
b_go01-loop.abap,
b_go01-start.abap,
b_go02-loop.abap,
b_go02-start.abap,
b_go03-loop.abap,
b_go03-start.abap,
b_god-action-loop_c803.abap,
b_god-action-start_c803.abap,
b_good-binder-loop_c801.abap,
b_good-binder-start_c801.abap,
b_good-loop_c001.abap,
b_good-loop_c002.abap,
b_good-loop_c003.abap,
b_good-loop_c004.abap,
b_good-loop_c005.abap,
b_good-loop_c006.abap,
b_good-loop_c007.abap,
b_good-loop_c008.abap,
b_good-loop_c009.abap,
b_good-loop_c010.abap,
b_good-loop_c011.abap,
b_good-loop_c012.abap,
b_good-loop_c302.abap,
b_good-loop_c303.abap,
b_good-loop_c304.abap,
b_good-loop_c701.abap,
b_good-loop_c802.abap,
b_good-loop_c803.abap,
b_good-loop_c804.abap,
b_good-start_c001.abap,
b_good-start_c002.abap,
b_good-start_c003.abap,
b_good-start_c004.abap,
b_good-start_c005.abap,
b_good-start_c006.abap,
b_good-start_c007.abap,
b_good-start_c008.abap,
b_good-start_c009.abap,
b_good-start_c010.abap,
b_good-start_c011.abap,
b_good-start_c012.abap,
b_good-start_c302.abap,
b_good-start_c303.abap,
b_good-start_c304.abap,
b_good-start_c701.abap,
b_good-start_c802.abap,
b_good-start_c803.abap,
b_good-start_c804.abap,
b_good02-loop_c001.abap,
b_good02-loop_c002.abap,
b_good02-loop_c003.abap,
b_good02-loop_c004.abap,
b_good02-loop_c005.abap,
b_good02-loop_c006.abap,
b_good02-loop_c007.abap,
b_good02-loop_c008.abap,
b_good02-loop_c009.abap,
b_good02-start_c001.abap,
b_good02-start_c002.abap,
b_good02-start_c003.abap,
b_good02-start_c004.abap,
b_good02-start_c005.abap,
b_good02-start_c006.abap,
b_good02-start_c007.abap,
b_good02-start_c008.abap,
b_good02-start_c009.abap,
b_guard_w0000.abap,
b_guard_w1000.abap,
b_guard_w2000.abap,
b_guide-binder-loop_c801.abap,
b_guide-binder-start_c801.abap,
b_hold-teddybear-loop_c006.abap,
b_hold-teddybear-loop_c006_p0123_r.abap,
b_hold-teddybear-start_c006.abap,
b_hold-teddybear-start_c006_p0123_r.abap,
b_hostile-stance-a-loop.abap,
b_hostile-stance-a-start.abap,
b_hostile-stance-b-loop.abap,
b_hostile-stance-b-start.abap,
b_hostile-stance-theatre-loop.abap,
b_hostile-stance-theatre-start.abap,
b_idle-loop-ab004006003_w0000c003.abap,
b_idle01-loop-support.abap,
b_idle01-loop_w0000c001.abap,
b_idle01-loop_w0000c002.abap,
b_idle01-loop_w0000c003.abap,
b_idle01-loop_w0000c004.abap,
b_idle01-loop_w0000c005.abap,
b_idle01-loop_w0000c006.abap,
b_idle01-loop_w0000c007.abap,
b_idle01-loop_w0000c008.abap,
b_idle01-loop_w0000c009.abap,
b_idle01-loop_w0000c010.abap,
b_idle01-loop_w0000c011.abap,
b_idle01-loop_w0000c012.abap,
b_idle01-loop_w0000c303.abap,
b_idle01-loop_w0000c304.abap,
b_idle01-loop_w1000c001.abap,
b_idle01-loop_w1000c002.abap,
b_idle01-loop_w1000c003.abap,
b_idle01-loop_w1000c004.abap,
b_idle01-loop_w1000c005.abap,
b_idle01-loop_w1000c006.abap,
b_idle01-loop_w1000c007.abap,
b_idle01-loop_w1000c008.abap,
b_idle01-loop_w1000c009.abap,
b_idle01-loop_w1000c010.abap,
b_idle01-loop_w1000c011.abap,
b_idle01-loop_w1000c012.abap,
b_idle01-loop_w1000c301.abap,
b_idle01-loop_w2000c001.abap,
b_idle01-loop_w2000c002.abap,
b_idle01-loop_w2000c003.abap,
b_idle01-loop_w2000c004.abap,
b_idle01-loop_w2000c005.abap,
b_idle01-loop_w2000c006.abap,
b_idle01-loop_w2000c007.abap,
b_idle01-loop_w2000c008.abap,
b_idle01-loop_w2000c009.abap,
b_idle01-loop_w2000c010.abap,
b_idle01-loop_w2000c011.abap,
b_idle01-loop_w2000c012.abap,
b_idle01-loop_w2000c302.abap,
b_inquire-loop.abap,
b_inquire-start.abap,
b_inspire-loop_c010.abap,
b_inspire-start_c010.abap,
b_joy-loop_c001.abap,
b_joy-loop_c002.abap,
b_joy-loop_c003.abap,
b_joy-loop_c004.abap,
b_joy-loop_c005.abap,
b_joy-loop_c006.abap,
b_joy-loop_c007.abap,
b_joy-loop_c008.abap,
b_joy-loop_c009.abap,
b_joy-loop_c010.abap,
b_joy-loop_c011.abap,
b_joy-loop_c012.abap,
b_joy-loop_c301.abap,
b_joy-loop_c303.abap,
b_joy-loop_c304.abap,
b_joy-loop_c802.abap,
b_joy-loop_c803.abap,
b_joy-loop_c804.abap,
b_joy-start_c001.abap,
b_joy-start_c002.abap,
b_joy-start_c003.abap,
b_joy-start_c004.abap,
b_joy-start_c005.abap,
b_joy-start_c006.abap,
b_joy-start_c007.abap,
b_joy-start_c008.abap,
b_joy-start_c009.abap,
b_joy-start_c010.abap,
b_joy-start_c011.abap,
b_joy-start_c012.abap,
b_joy-start_c301.abap,
b_joy-start_c303.abap,
b_joy-start_c304.abap,
b_joy-start_c802.abap,
b_joy-start_c803.abap,
b_joy-start_c804.abap,
b_joy02-loop_c001.abap,
b_joy02-loop_c002.abap,
b_joy02-loop_c003.abap,
b_joy02-loop_c004.abap,
b_joy02-loop_c005.abap,
b_joy02-loop_c006.abap,
b_joy02-loop_c007.abap,
b_joy02-loop_c008.abap,
b_joy02-loop_c009.abap,
b_joy02-start_c001.abap,
b_joy02-start_c002.abap,
b_joy02-start_c003.abap,
b_joy02-start_c004.abap,
b_joy02-start_c005.abap,
b_joy02-start_c006.abap,
b_joy02-start_c007.abap,
b_joy02-start_c008.abap,
b_joy02-start_c009.abap,
b_laugh-loop_c001.abap,
b_laugh-loop_c002.abap,
b_laugh-loop_c003.abap,
b_laugh-loop_c004.abap,
b_laugh-loop_c005.abap,
b_laugh-loop_c006.abap,
b_laugh-loop_c007.abap,
b_laugh-loop_c008.abap,
b_laugh-loop_c009.abap,
b_laugh-loop_c010.abap,
b_laugh-loop_c011.abap,
b_laugh-loop_c011_p0166_a.abap,
b_laugh-loop_c012.abap,
b_laugh-loop_c302.abap,
b_laugh-loop_c802.abap,
b_laugh-loop_c803.abap,
b_laugh-loop_c804.abap,
b_laugh-start_c001.abap,
b_laugh-start_c002.abap,
b_laugh-start_c003.abap,
b_laugh-start_c004.abap,
b_laugh-start_c005.abap,
b_laugh-start_c006.abap,
b_laugh-start_c007.abap,
b_laugh-start_c008.abap,
b_laugh-start_c009.abap,
b_laugh-start_c010.abap,
b_laugh-start_c011.abap,
b_laugh-start_c011_p0166_a.abap,
b_laugh-start_c012.abap,
b_laugh-start_c302.abap,
b_laugh-start_c802.abap,
b_laugh-start_c803.abap,
b_laugh-start_c804.abap,
b_limit01-cut01_p8003_a.abap,
b_limit01-cut01_p8003_b.abap,
b_limit01-cut02-loop_p8003_a.abap,
b_limit01-cut02_p8003_a.abap,
b_limit01-cut02_p8003_b.abap,
b_look-down-loop_c002.abap,
b_look-down-start_c002.abap,
b_memory-getback-cut01.abap,
b_memory-getback-cut02.abap,
b_memory-intro-cut01.abap,
b_memory-intro-cut02.abap,
b_memory-unlock-loop.abap,
b_memory-wait-loop.abap,
b_move-back-loop.abap,
b_move-back-start.abap,
b_move-back_w0000.abap,
b_move-back_w1000.abap,
b_move-back_w2000.abap,
b_move-front_w0000.abap,
b_move-front_w1000.abap,
b_move-front_w2000.abap,
b_munching-loop.abap,
b_munching-start.abap,
b_natural-stand-loop.abap,
b_no-loop.abap,
b_no-start.abap,
b_photo-common-mot9001.abap,腕立て伏せ
b_photo-common-mot9002.abap,SensualBeast
b_photo-common-mot9003.abap,映画祭
b_photo-common-mot9004.abap,クルッと回る
b_photo-common-mot9005.abap,クルッと逆回り
b_photo-common-mot9006.abap,
b_photo-common-pose0001.abap,ライブポーズ
b_photo-common-pose0002.abap,きゅるん☆
b_photo-common-pose0003.abap,モデル立ち
b_photo-common-pose0004.abap,寝そべる
b_photo-common-pose0005.abap,萌え☆キュン
b_photo-common-pose0006.abap,寄せて上げて///
b_photo-common-pose0007.abap,前かがみでムギュッ！
b_photo-common-pose0008.abap,よつんばい////
b_photo-common-pose0009.abap,グラビア立ち
b_photo-common-pose0010.abap,ニャンッ☆
b_photo-common-pose0011.abap,セクシーポーズ
b_photo-common-pose0012.abap,可愛いポーズ☆彡
b_photo-common-pose0013.abap,気だるい午後
b_photo-common-pose0014.abap,セクシーな膝立ち
b_photo-common-pose0015.abap,うつぶせ♪
b_photo-common-pose0016.abap,ひ・み・つ♪
b_photo-common-pose0017.abap,On the Chair
b_photo-common-pose0018.abap,あなたに届け☆
b_photo-common-pose0019.abap,たいいくすわり
b_photo-common-pose0020.abap,ふたりハート[R]
b_photo-common-pose0021.abap,ふたりハート[L]
b_photo-common-pose0022.abap,ハグして
b_photo-common-pose0023.abap,アンニュイな寝起き
b_photo-common-pose0024.abap,お手をどうぞ
b_photo-common-pose0025.abap,
b_photo-common-pose0026.abap,【SexyBeast】シオリ
b_photo-common-pose0027.abap,お願い♪
b_photo-common-pose0028.abap,キーック！！
b_photo-common-pose0029.abap,【WonderMaze】ヤマダ
b_photo-common-pose0030.abap,【水着[2019]】ユキ
b_photo-common-pose0031.abap,【レースクイーン】シオリ
b_photo-common-pose0032.abap,ふたりでキラ☆[R]
b_photo-common-pose0033.abap,ふたりでキラ☆[L]
b_photo-common-pose0034.abap,【天使の微笑】サクラ
b_photo-common-pose0035.abap,【SexyBeast】ヤマダ
b_photo-common-pose0036.abap,ま・え・の・め・り
b_photo-common-pose0037.abap,小悪魔ピース
b_pose-april_center.abap,
b_pose-april_left.abap,
b_pose-april_right.abap,
b_put-hand-shoulder.abap,
b_puthand-chest-loop.abap,
b_puthand-chest-start.abap,
b_quotation-loop_c701.abap,
b_quotation-start_c701.abap,
b_ready01-loop.abap,
b_ready01-start.abap,
b_ready02-loop.abap,
b_ready02-start.abap,
b_ready03-loop.abap,
b_ready03-start.abap,
b_regret-loop_c011.abap,
b_regret-start_c011.abap,
b_rejection-loop_c005.abap,
b_rejection-start_c005.abap,
b_round-in_w0000.abap,
b_round-in_w1000.abap,
b_round-in_w2000.abap,
b_round-out_w0000.abap,
b_round-out_w1000.abap,
b_round-out_w2000.abap,
b_scoop-rap-loop_c002.abap,
b_scoop-rap-loop_c002_p0053_a.abap,
b_scoop-rap-start_c002.abap,
b_scoop-rap-start_c002_p0053_a.abap,
b_scratch-head-loop_c009.abap,
b_scratch-head-start_c009.abap,
b_secret-loop_c004.abap,
b_secret-start_c004.abap,
b_serious-loop_c001.abap,
b_serious-loop_c002.abap,
b_serious-loop_c003.abap,
b_serious-loop_c004.abap,
b_serious-loop_c005.abap,
b_serious-loop_c006.abap,
b_serious-loop_c007.abap,
b_serious-loop_c008.abap,
b_serious-loop_c009.abap,
b_serious-loop_c010.abap,
b_serious-loop_c011.abap,
b_serious-loop_c012.abap,
b_serious-loop_c302.abap,
b_serious-loop_c701.abap,
b_serious-loop_c802.abap,
b_serious-loop_c803.abap,
b_serious-loop_c804.abap,
b_serious-start_c001.abap,
b_serious-start_c002.abap,
b_serious-start_c003.abap,
b_serious-start_c004.abap,
b_serious-start_c005.abap,
b_serious-start_c006.abap,
b_serious-start_c007.abap,
b_serious-start_c008.abap,
b_serious-start_c009.abap,
b_serious-start_c010.abap,
b_serious-start_c011.abap,
b_serious-start_c012.abap,
b_serious-start_c302.abap,
b_serious-start_c701.abap,
b_serious-start_c802.abap,
b_serious-start_c803.abap,
b_serious-start_c804.abap,
b_skill-ur0001-cut01.abap,
b_skill-ur0001-end.abap,
b_skill-ur0002-cut01.abap,
b_skill-ur0002-end.abap,
b_skill-ur0003-cut01.abap,
b_skill-ur0003-end.abap,
b_skill-ur0004-cut01.abap,
b_skill-ur0004-end.abap,
b_skill-ur0005-cut01.abap,
b_skill-ur0005-cut01_p0013_a.abap,
b_skill-ur0005-end.abap,
b_skill-ur0005-end_p0013_a.abap,
b_skill-ur0006-cut01.abap,
b_skill-ur0006-cut01_p0008_a.abap,
b_skill-ur0006-cut01_p0010_a.abap,
b_skill-ur0006-end.abap,
b_skill-ur0006-end_p0008_a.abap,
b_skill-ur0006-end_p0010_a.abap,
b_skill-ur0007-cut01.abap,
b_skill-ur0007-end.abap,
b_skill-ur0008-cut01.abap,
b_skill-ur0008-end.abap,
b_skill-ur0009-cut01.abap,
b_skill-ur0009-end.abap,
b_skill-ur0010-cut01.abap,
b_skill-ur0010-end.abap,
b_skill-ur0011-cut01.abap,
b_skill-ur0011-end.abap,
b_skill-ur0012-cut01.abap,
b_skill-ur0012-cut01_p0012_a.abap,
b_skill-ur0012-end.abap,
b_skill-ur0012-end_p0012_a.abap,
b_skill-ur0013-cut01.abap,
b_skill-ur0013-end.abap,
b_skill-ur0014-cut01.abap,
b_skill-ur0014-end.abap,
b_skill-ur0015-cut01.abap,
b_skill-ur0015-cut01_p0023_a.abap,
b_skill-ur0015-end.abap,
b_skill-ur0015-end_p0023_a.abap,
b_skill-ur0016-cut01.abap,
b_skill-ur0016-cut01_p0024_a.abap,
b_skill-ur0016-end.abap,
b_skill-ur0016-end_p0024_a.abap,
b_skill-ur0017-cut01.abap,
b_skill-ur0017-cut01_p0025_a.abap,
b_skill-ur0017-end.abap,
b_skill-ur0017-end_p0025_a.abap,
b_skill-ur0018-cut01.abap,
b_skill-ur0018-cut01_p0026_a.abap,
b_skill-ur0018-end.abap,
b_skill-ur0018-end_p0026_a.abap,
b_skill-ur0019-cut01.abap,
b_skill-ur0019-end.abap,
b_skill-ur0020-cut01.abap,
b_skill-ur0020-cut01_p0030_a.abap,
b_skill-ur0020-cut01_p0030_b.abap,
b_skill-ur0020-cut01_p0031_a.abap,
b_skill-ur0020-cut01_p0031_b.abap,
b_skill-ur0020-end.abap,
b_skill-ur0021-cut01.abap,
b_skill-ur0021-cut01_p0039_a.abap,
b_skill-ur0021-cut01_p0040_a.abap,
b_skill-ur0021-end.abap,
b_skill-ur0021-end_p0039_a.abap,
b_skill-ur0021-end_p0040_a.abap,
b_skill-ur0022-cut01.abap,
b_skill-ur0022-cut01_p0037_a.abap,
b_skill-ur0022-end.abap,
b_skill-ur0022-end_p0037_a.abap,
b_skill-ur0023-cut01.abap,
b_skill-ur0023-cut01_p0043_a.abap,
b_skill-ur0023-end.abap,
b_skill-ur0024-cut01.abap,
b_skill-ur0024-cut01_p0038_a.abap,
b_skill-ur0024-cut01_p0056_a.abap,
b_skill-ur0024-end.abap,
b_skill-ur0024-end_p0038_a.abap,
b_skill-ur0024-end_p0056_a.abap,
b_skill-ur0025-cut01.abap,
b_skill-ur0025-cut01_p0044_a.abap,
b_skill-ur0025-cut01_p0044_b.abap,
b_skill-ur0025-end.abap,
b_skill-ur0025-end_p0044_a.abap,
b_skill-ur0025-end_p0044_b.abap,
b_skill-ur0026-cut01.abap,
b_skill-ur0026-cut01_p0045_a.abap,
b_skill-ur0026-end.abap,
b_skill-ur0027-cut01.abap,
b_skill-ur0027-cut01_p0046_a.abap,
b_skill-ur0027-cut01_p0047_a.abap,
b_skill-ur0027-cut01_p0073_a.abap,
b_skill-ur0027-end.abap,
b_skill-ur0027-end_p0046_a.abap,
b_skill-ur0027-end_p0047_a.abap,
b_skill-ur0027-end_p0073_a.abap,
b_skill-ur0028-cut01.abap,
b_skill-ur0028-cut01_p0062_a.abap,
b_skill-ur0028-end.abap,
b_skill-ur0028-end_p0062_a.abap,
b_skill-ur0029-cut01.abap,
b_skill-ur0029-cut01_p0057_a.abap,
b_skill-ur0029-cut01_p0058_a.abap,
b_skill-ur0029-cut01_p0059_a.abap,
b_skill-ur0029-end.abap,
b_skill-ur0030-cut01.abap,
b_skill-ur0030-end.abap,
b_skill-ur0031-1-end.abap,
b_skill-ur0031-2-end.abap,
b_skill-ur0031-cut01.abap,
b_skill-ur0031-cut01_p8006_a.abap,
b_skill-ur0031-cut02.abap,
b_skill-ur0031-cut02_p0064_a.abap,
b_skill-ur0032-cut01.abap,
b_skill-ur0032-cut01_p0055_a.abap,
b_skill-ur0032-cut02a.abap,
b_skill-ur0032-cut02a_p0072_a.abap,
b_skill-ur0032-cut02b.abap,
b_skill-ur0032-cut02b_p0072_a.abap,
b_skill-ur0032-cut02c.abap,
b_skill-ur0032-cut02c_p0072_a.abap,
b_skill-ur0032-end.abap,
b_skill-ur0033-cut01.abap,
b_skill-ur0033-cut01_p0041_a.abap,
b_skill-ur0033-cut01_p0042_a.abap,
b_skill-ur0033-end.abap,
b_skill-ur0033-end_p0041_a.abap,
b_skill-ur0033-end_p0042_a.abap,
b_skill-ur0034-cut01.abap,
b_skill-ur0034-end.abap,
b_skill-ur0035-cut01.abap,
b_skill-ur0035-end.abap,
b_skill-ur0036-cut01.abap,
b_skill-ur0036-cut01_p0065_a.abap,
b_skill-ur0036-cut01_p0066_a.abap,
b_skill-ur0036-end.abap,
b_skill-ur0036-end_p0065_a.abap,
b_skill-ur0036-end_p0066_a.abap,
b_skill-ur0037-cut01.abap,
b_skill-ur0037-cut01_p0068_a.abap,
b_skill-ur0037-cut01_p0069_a.abap,
b_skill-ur0037-cut01_p0070_a.abap,
b_skill-ur0037-end.abap,
b_skill-ur0037-end_p0068_a.abap,
b_skill-ur0037-end_p0069_a.abap,
b_skill-ur0037-end_p0070_a.abap,
b_skill-ur0038-cut01.abap,
b_skill-ur0038-cut01_p0067_a.abap,
b_skill-ur0038-end.abap,
b_skill-ur0039-cut01.abap,
b_skill-ur0039-cut01_p0075_a.abap,
b_skill-ur0039-cut01_p0076_a.abap,
b_skill-ur0039-cut01_p0077_a.abap,
b_skill-ur0039-cut01_p0078_a.abap,
b_skill-ur0039-cut01_p0079_a.abap,
b_skill-ur0039-end.abap,
b_skill-ur0039-end_p0075_a.abap,
b_skill-ur0039-end_p0076_a.abap,
b_skill-ur0039-end_p0077_a.abap,
b_skill-ur0039-end_p0078_a.abap,
b_skill-ur0039-end_p0079_a.abap,
b_skill-ur0040-cut01.abap,
b_skill-ur0040-end.abap,
b_skill-ur0041-cut01.abap,
b_skill-ur0041-cut01_p0001_a.abap,
b_skill-ur0041-cut01_p0080_a.abap,
b_skill-ur0041-end.abap,
b_skill-ur0041-end_p0001_a.abap,
b_skill-ur0042-cut01.abap,
b_skill-ur0042-cut01_p0081_a0.abap,
b_skill-ur0042-cut01_p0081_a1.abap,
b_skill-ur0042-cut01_p0081_a2.abap,
b_skill-ur0042-cut01_p0082_a.abap,
b_skill-ur0042-end.abap,
b_skill-ur0042-end_p0081_a0.abap,
b_skill-ur0042-end_p0081_a1.abap,
b_skill-ur0042-end_p0081_a2.abap,
b_skill-ur0043-cut01.abap,
b_skill-ur0043-end.abap,
b_skill-ur0044-cut01.abap,
b_skill-ur0044-end.abap,
b_skill-ur0045-cut01.abap,
b_skill-ur0045-cut01_p0083_a.abap,
b_skill-ur0045-cut01_p0083_b.abap,
b_skill-ur0045-end.abap,
b_skill-ur0045-end_p0083_a.abap,
b_skill-ur0045-end_p0083_b.abap,
b_skill-ur0046-cut01.abap,
b_skill-ur0046-cut01_p0074_a.abap,
b_skill-ur0046-cut01_p8006_a.abap,
b_skill-ur0046-end.abap,
b_skill-ur0046-end_p0074_a.abap,
b_skill-ur0047-cut01.abap,
b_skill-ur0047-cut01v.abap,
b_skill-ur0047-cut02a.abap,
b_skill-ur0047-cut02b.abap,
b_skill-ur0047-cut02c.abap,
b_skill-ur0047-cut02d.abap,
b_skill-ur0047-cut02e.abap,
b_skill-ur0047-cut02f.abap,
b_skill-ur0047-cut02g.abap,
b_skill-ur0047-cut02h.abap,
b_skill-ur0047-cut02i.abap,
b_skill-ur0047-cut02v.abap,
b_skill-ur0047-end.abap,
b_skill-ur0047-endv.abap,
b_skill-ur0048-cut01.abap,
b_skill-ur0048-end.abap,
b_skill-ur0049-cut01.abap,
b_skill-ur0049-cut01_p0094_a.abap,
b_skill-ur0049-cut01_p8006_a.abap,
b_skill-ur0049-cut01_p8006_b.abap,
b_skill-ur0049-end.abap,
b_skill-ur0049-end_p0094_a.abap,
b_skill-ur0050-cut01.abap,
b_skill-ur0050-cut01_p0097_a.abap,
b_skill-ur0050-cut01_p0097_b.abap,
b_skill-ur0050-end.abap,
b_skill-ur0050-end_p0097_a.abap,
b_skill-ur0050-end_p0097_b.abap,
b_skill-ur0051-cut01.abap,
b_skill-ur0051-cut01_p8006_a.abap,
b_skill-ur0051-end.abap,
b_skill-ur0052-cut01.abap,
b_skill-ur0052-cut01_p0098_a.abap,
b_skill-ur0052-end.abap,
b_skill-ur0052-end_p0098_a.abap,
b_skill-ur0053-cut01.abap,
b_skill-ur0053-cut01_p0099_a.abap,
b_skill-ur0053-cut01_p0099_b.abap,
b_skill-ur0053-end.abap,
b_skill-ur0053-end_p0099_a.abap,
b_skill-ur0053-end_p0099_b.abap,
b_skill-ur0054-cut01.abap,
b_skill-ur0054-cut01_p0084_a.abap,
b_skill-ur0054-end.abap,
b_skill-ur0055-cut01.abap,
b_skill-ur0055-cut01_p0100_a.abap,
b_skill-ur0055-end.abap,
b_skill-ur0055-end_p0100_a.abap,
b_skill-ur0056-cut01.abap,
b_skill-ur0056-cut01_p0003_a.abap,
b_skill-ur0056-end.abap,
b_skill-ur0057-cut01.abap,
b_skill-ur0057-cut01_p0102_a.abap,
b_skill-ur0057-end.abap,
b_skill-ur0058-cut01.abap,
b_skill-ur0058-cut01_p8006_a.abap,
b_skill-ur0058-end.abap,
b_skill-ur0059-cut01.abap,
b_skill-ur0059-cut01_p0104_a.abap,
b_skill-ur0059-end.abap,
b_skill-ur0059-end_p0104_a.abap,
b_skill-ur0061-cut01.abap,
b_skill-ur0061-end.abap,
b_skill-ur0062-cut01a.abap,
b_skill-ur0062-cut01a_p0110_a.abap,
b_skill-ur0062-cut01b.abap,
b_skill-ur0062-cut01b_p0110_a.abap,
b_skill-ur0062-cut01c.abap,
b_skill-ur0062-cut01c_p0110_a.abap,
b_skill-ur0062-cut01d.abap,
b_skill-ur0062-cut01d_p0110_a.abap,
b_skill-ur0062-cut01e.abap,
b_skill-ur0062-cut01e_p0110_a.abap,
b_skill-ur0062-cut01f.abap,
b_skill-ur0062-cut01f_p0110_a.abap,
b_skill-ur0062-cut01g.abap,
b_skill-ur0062-cut01g_p0110_a.abap,
b_skill-ur0062-cut01h.abap,
b_skill-ur0062-cut01h_p0110_a.abap,
b_skill-ur0062-cut01i.abap,
b_skill-ur0062-cut01i_p0110_a.abap,
b_skill-ur0062-cut02.abap,
b_skill-ur0062-cut02_p0110_a.abap,
b_skill-ur0062-end.abap,
b_skill-ur0063-cut01.abap,
b_skill-ur0063-cut01_p0109_a.abap,
b_skill-ur0063-cut01_p0109_b.abap,
b_skill-ur0063-cut02a.abap,
b_skill-ur0063-cut02a_p0109_a.abap,
b_skill-ur0063-cut02a_p0109_b.abap,
b_skill-ur0063-cut02b_p0109_a.abap,
b_skill-ur0063-cut02b_p0109_b.abap,
b_skill-ur0063-end.abap,
b_skill-ur0064-cut01.abap,
b_skill-ur0064-cut01_p0106_a.abap,
b_skill-ur0064-cut01_p0107_a.abap,
b_skill-ur0064-end.abap,
b_skill-ur0065-cut01.abap,
b_skill-ur0065-end.abap,
b_skill-ur0066-cut01.abap,
b_skill-ur0066-end.abap,
b_skill-ur0067-cut01.abap,
b_skill-ur0067-cut01_p0113_a.abap,
b_skill-ur0067-cut01_p8006_a.abap,
b_skill-ur0067-end.abap,
b_skill-ur0067-end_p0113_a.abap,
b_skill-ur0068-cut01.abap,
b_skill-ur0068-end.abap,
b_skill-ur0069-cut01.abap,
b_skill-ur0069-cut02a.abap,
b_skill-ur0069-cut02a_p8006_a.abap,
b_skill-ur0069-cut02b.abap,
b_skill-ur0069-cut02b_p6001_a.abap,
b_skill-ur0069-cut02c.abap,
b_skill-ur0069-cut02c_p6001_a.abap,
b_skill-ur0069-end.abap,
b_skill-ur0069-end_p6001_a.abap,
b_skill-ur0069-end_p8006_a.abap,
b_skill-ur0070-cut01.abap,
b_skill-ur0070-cut01_p6003_a.abap,
b_skill-ur0070-end.abap,
b_skill-ur0070-end_p6003_a.abap,
b_skill-ur0071-cut01.abap,
b_skill-ur0071-cut01_p0114_a.abap,
b_skill-ur0071-cut01_p0114_b.abap,
b_skill-ur0071-cut01_p8006_a.abap,
b_skill-ur0071-cut01_p8006_b.abap,
b_skill-ur0071-end.abap,
b_skill-ur0072-cut01.abap,
b_skill-ur0072-end.abap,
b_skill-ur0073-cut01.abap,
b_skill-ur0073-cut01_p8006_a.abap,
b_skill-ur0073-cut02a.abap,
b_skill-ur0073-cut02a_p0096_a.abap,
b_skill-ur0073-cut02a_p8006_a.abap,
b_skill-ur0073-cut02b_p0096_a.abap,
b_skill-ur0073-cut02c_p0096_a.abap,
b_skill-ur0073-end.abap,
b_skill-ur0074-cut01.abap,
b_skill-ur0074-cut01i.abap,
b_skill-ur0074-cut01i_p0115_a.abap,
b_skill-ur0074-cut01i_p0115_b.abap,
b_skill-ur0074-cut01_p0115_a.abap,
b_skill-ur0074-cut01_p0115_b.abap,
b_skill-ur0074-cut01_p8006_a.abap,
b_skill-ur0074-cut02a.abap,
b_skill-ur0074-cut02a_p0115_a.abap,
b_skill-ur0074-cut02a_p0115_b.abap,
b_skill-ur0074-cut02a_p8006_a.abap,
b_skill-ur0074-cut02b.abap,
b_skill-ur0074-cut02b_p0115_a.abap,
b_skill-ur0074-cut02b_p0115_b.abap,
b_skill-ur0074-cut02b_p8006_a.abap,
b_skill-ur0074-cut02c.abap,
b_skill-ur0074-cut02c_p0115_a.abap,
b_skill-ur0074-cut02c_p8006_a.abap,
b_skill-ur0074-cut02d.abap,
b_skill-ur0074-cut02d_p0115_a.abap,
b_skill-ur0074-cut02d_p0115_b.abap,
b_skill-ur0074-cut02d_p8006_a.abap,
b_skill-ur0074-cut02e.abap,
b_skill-ur0074-cut02e_p8006_a.abap,
b_skill-ur0074-cut02f.abap,
b_skill-ur0074-cut02f_p0115_a.abap,
b_skill-ur0074-cut02f_p0115_b.abap,
b_skill-ur0074-cut02f_p8006_a.abap,
b_skill-ur0074-cut02g.abap,
b_skill-ur0074-cut02g_p0115_a.abap,
b_skill-ur0074-cut02g_p0115_b.abap,
b_skill-ur0074-cut02g_p8006_a.abap,
b_skill-ur0074-cut02g_p8006_b.abap,
b_skill-ur0074-cut02h.abap,
b_skill-ur0074-cut02h_p8006_a.abap,
b_skill-ur0074-cut02i.abap,
b_skill-ur0074-cut02i_p8006_a.abap,
b_skill-ur0074-end.abap,
b_skill-ur0074-end_p8006_a.abap,
b_skill-ur0075-cut01.abap,
b_skill-ur0075-cut01_p0116_a.abap,
b_skill-ur0075-end.abap,
b_skill-ur0076-1-end.abap,
b_skill-ur0076-2-end.abap,
b_skill-ur0076-cut01.abap,
b_skill-ur0076-cut02.abap,
b_skill-ur0076-cut02_p0118_a.abap,
b_skill-ur0076-cut02_p0118_b.abap,
b_skill-ur0076-cut02_p8006_a.abap,
b_skill-ur0077-cut01.abap,
b_skill-ur0077-cut01_p0119_a.abap,
b_skill-ur0077-end.abap,
b_skill-ur0077-end_p0119_a.abap,
b_skill-ur0078-cut01.abap,
b_skill-ur0078-cut01_p0120_a.abap,
b_skill-ur0078-cut01_p8006_a.abap,
b_skill-ur0078-end.abap,
b_skill-ur0079-cut01.abap,
b_skill-ur0079-cut01_p0112_a.abap,
b_skill-ur0079-end.abap,
b_skill-ur0080-cut01.abap,
b_skill-ur0080-end.abap,
b_skill-ur0081-cut01.abap,
b_skill-ur0081-cut01_p0124_a.abap,
b_skill-ur0081-end.abap,
b_skill-ur0082-cut01.abap,
b_skill-ur0082-cut01_p0121_a.abap,
b_skill-ur0082-cut01_p0122_a.abap,
b_skill-ur0082-cut01_p0122_b.abap,
b_skill-ur0082-cut01_p0122_c.abap,
b_skill-ur0082-cut01_p0122_d.abap,
b_skill-ur0082-end.abap,
b_skill-ur0082-end_p0121_a.abap,
b_skill-ur0082-end_p0122_a.abap,
b_skill-ur0082-end_p0122_b.abap,
b_skill-ur0082-end_p0122_c.abap,
b_skill-ur0082-end_p0122_d.abap,
b_skill-ur0083-cut01.abap,
b_skill-ur0083-cut01_p0125_a.abap,
b_skill-ur0083-end.abap,
b_skill-ur0083-end_p0125_a.abap,
b_skill-ur0084-cut01.abap,
b_skill-ur0084-cut01d_p0128_a.abap,
b_skill-ur0084-cut01_p0117_a.abap,
b_skill-ur0084-cut01_p0128_a.abap,
b_skill-ur0084-end.abap,
b_skill-ur0084-end_p0117_a.abap,
b_skill-ur0085-cut01.abap,
b_skill-ur0085-cut01_p0127_a.abap,
b_skill-ur0085-end.abap,
b_skill-ur0085-end_p0127_a.abap,
b_skill-ur0086-cut01.abap,
b_skill-ur0086-cut01_p0130_a.abap,
b_skill-ur0086-cut01_p0130_b.abap,
b_skill-ur0086-end.abap,
b_skill-ur0086-end_p0130_a.abap,
b_skill-ur0086-end_p0130_b.abap,
b_skill-ur0087-cut01.abap,
b_skill-ur0087-cut01_p0133_a.abap,
b_skill-ur0087-end.abap,
b_skill-ur0088-cut01.abap,
b_skill-ur0088-cut01_p0131_a.abap,
b_skill-ur0088-cut01_p0132_a.abap,
b_skill-ur0088-end.abap,
b_skill-ur0088-end_p0131_a.abap,
b_skill-ur0088-end_p0132_a.abap,
b_skill-ur0089-cut01.abap,
b_skill-ur0089-cut01_p0137_a.abap,
b_skill-ur0089-end.abap,
b_skill-ur0090-cut01.abap,
b_skill-ur0090-cut01_p0135_a.abap,
b_skill-ur0090-end.abap,
b_skill-ur0090-end_p0135_a.abap,
b_skill-ur0091-cut01.abap,
b_skill-ur0091-cut01_p0139_a.abap,
b_skill-ur0091-cut01_p0140_a.abap,
b_skill-ur0091-end.abap,
b_skill-ur0091-end_p0140_a.abap,
b_skill-ur0092-cut01.abap,
b_skill-ur0092-cut01_p0138_a.abap,
b_skill-ur0092-cut02a.abap,
b_skill-ur0092-cut02a_p0138_a.abap,
b_skill-ur0092-cut02b.abap,
b_skill-ur0092-cut02b_p0138_a.abap,
b_skill-ur0092-end.abap,
b_skill-ur0092-end_p0138_a.abap,
b_skill-ur0093-cut01.abap,
b_skill-ur0093-cut01_p0141_a.abap,
b_skill-ur0093-cut01_p0142_a.abap,
b_skill-ur0093-cut01_p0143_a.abap,
b_skill-ur0093-end.abap,
b_skill-ur0093-end_p0142_a.abap,
b_skill-ur0094-cut01.abap,
b_skill-ur0094-cut01_p6005_a.abap,
b_skill-ur0094-cut01_p6006_a.abap,
b_skill-ur0094-cut01_p6007_a.abap,
b_skill-ur0094-cut01_p6008_a.abap,
b_skill-ur0094-cut01_p6009_a.abap,
b_skill-ur0094-cut01_p6010_a.abap,
b_skill-ur0094-cut01_p6011_a.abap,
b_skill-ur0094-cut01_p6012_a.abap,
b_skill-ur0094-cut01_p6013_a.abap,
b_skill-ur0094-end.abap,
b_skill-ur0095-cut01.abap,
b_skill-ur0095-cut01_p0145_a.abap,
b_skill-ur0095-end.abap,
b_skill-ur0096-cut01.abap,
b_skill-ur0096-cut01_p0146_a.abap,
b_skill-ur0096-end.abap,
b_skill-ur0096-end_p0146_a.abap,
b_skill-ur0097-cut01.abap,
b_skill-ur0097-end.abap,
b_skill-ur0098-cut01a.abap,
b_skill-ur0098-cut01a_p0150_a.abap,
b_skill-ur0098-cut01b.abap,
b_skill-ur0098-cut01b_p0150_a.abap,
b_skill-ur0098-cut01c.abap,
b_skill-ur0098-cut01c_p0150_a.abap,
b_skill-ur0098-cut01d.abap,
b_skill-ur0098-cut01d_p0150_a.abap,
b_skill-ur0098-cut01e.abap,
b_skill-ur0098-cut01e_p0150_a.abap,
b_skill-ur0098-cut01f.abap,
b_skill-ur0098-cut01f_p0150_a.abap,
b_skill-ur0098-cut01g.abap,
b_skill-ur0098-cut01g_p0150_a.abap,
b_skill-ur0098-cut01h.abap,
b_skill-ur0098-cut01h_p0150_a.abap,
b_skill-ur0098-cut01i.abap,
b_skill-ur0098-cut01i_p0150_a.abap,
b_skill-ur0098-end.abap,
b_skill-ur0099-cut01.abap,
b_skill-ur0099-cut01_p6014_a.abap,
b_skill-ur0099-cut01_p6016_a.abap,
b_skill-ur0099-cut01_p6017_a.abap,
b_skill-ur0099-end.abap,
b_skill-ur0100-cut01.abap,
b_skill-ur0100-cut01_p0147_a.abap,
b_skill-ur0100-end.abap,
b_skill-ur0101-cut01.abap,
b_skill-ur0101-cut01_p6019_a.abap,
b_skill-ur0101-cut01_p6019_b.abap,
b_skill-ur0101-end.abap,
b_skill-ur0102-cut01.abap,
b_skill-ur0102-cut01_p6020_a.abap,
b_skill-ur0102-end.abap,
b_skill-ur0102-end_p6020_a.abap,
b_skill-ur0103-cut01.abap,
b_skill-ur0103-cut01_p0149_a.abap,
b_skill-ur0103-end.abap,
b_skill-ur0103-end_p0149_a.abap,
b_skill-ur0104-cut01.abap,
b_skill-ur0104-cut01_p0151_a.abap,
b_skill-ur0104-end.abap,
b_skill-ur0105-cut01.abap,
b_skill-ur0105-cut01_p0152_a.abap,
b_skill-ur0105-cut01_p0153_a.abap,
b_skill-ur0105-end.abap,
b_skill-ur0105-end_p0152_a.abap,
b_skill-ur0106-cut01-a.abap,
b_skill-ur0106-cut01-a_p0154_a.abap,
b_skill-ur0106-cut01-b.abap,
b_skill-ur0106-cut01-b_p0154_a.abap,
b_skill-ur0106-cut01-c.abap,
b_skill-ur0106-cut01-c_p0154_a.abap,
b_skill-ur0106-end.abap,
b_skill-ur0107-cut01.abap,
b_skill-ur0107-cut01_p0155_a.abap,
b_skill-ur0107-cut01_p8006_a.abap,
b_skill-ur0107-end.abap,
b_skill-ur0108-cut01.abap,
b_skill-ur0108-cut01_p6021_a.abap,
b_skill-ur0108-end.abap,
b_skill-ur0108-end_p6021_a.abap,
b_skill-ur0109-cut01.abap,
b_skill-ur0109-end.abap,
b_skill-ur0110-cut01.abap,
b_skill-ur0110-cut01_p6024_a.abap,
b_skill-ur0110-cut01_p6025_a.abap,
b_skill-ur0110-end.abap,
b_skill-ur0110-end_p6025_a.abap,
b_skill-ur0111-cut01.abap,
b_skill-ur0111-cut01_p6026_a.abap,
b_skill-ur0111-cut01_p6027_a.abap,
b_skill-ur0111-cut01_p8006_a.abap,
b_skill-ur0111-end.abap,
b_skill-ur0111-end_p6027_a.abap,
b_skill-ur0112-cut01.abap,
b_skill-ur0112-cut01_p8006_a.abap,
b_skill-ur0112-end.abap,
b_skill-ur0113-cut01.abap,
b_skill-ur0113-cut01_p6022_a.abap,
b_skill-ur0113-cut01_p6023_a.abap,
b_skill-ur0113-end.abap,
b_skill-ur0113-end_p6022_a.abap,
b_skill-ur0114-cut01.abap,
b_skill-ur0114-cut01_p0157_a.abap,
b_skill-ur0114-cut01_p0158_a.abap,
b_skill-ur0114-end.abap,
b_skill-ur0114-end_p0158_a.abap,
b_skill-ur0115-cut01.abap,
b_skill-ur0115-cut01_p0159_a.abap,
b_skill-ur0115-cut01_p0160_a.abap,
b_skill-ur0115-end.abap,
b_skill-ur0116-cut01.abap,
b_skill-ur0116-end.abap,
b_skill-ur0117-cut01.abap,
b_skill-ur0117-cut01_p6028_a.abap,
b_skill-ur0117-cut01_p6028_b.abap,
b_skill-ur0117-cut01_p8006_a.abap,
b_skill-ur0117-cut01_p8006_b.abap,
b_skill-ur0117-end.abap,
b_skill-ur0118-cut01.abap,
b_skill-ur0118-cut01_p0161_a.abap,
b_skill-ur0118-end.abap,
b_skill-ur0119-cut01.abap,
b_skill-ur0119-cut01_p0165_a.abap,
b_skill-ur0119-cut01_p8006_a.abap,
b_skill-ur0119-end.abap,
b_skill-ur0120-cut01.abap,
b_skill-ur0120-cut01_p0162_a.abap,
b_skill-ur0120-cut01_p0163_a.abap,
b_skill-ur0120-end.abap,
b_skill-ur0120-end_p0163_a.abap,
b_skill-ur0121-cut01.abap,
b_skill-ur0121-cut01_p0164_a.abap,
b_skill-ur0121-end.abap,
b_skill-ur0121-end_p0164_a.abap,
b_skill-ur0122-cut01.abap,
b_skill-ur0122-cut01_p0167_a.abap,
b_skill-ur0122-cut01_p0168_a.abap,
b_skill-ur0122-cut01_p0169_a.abap,
b_skill-ur0122-end.abap,
b_skill-ur0122-end_p0169_a.abap,
b_skill-ur0123-cut01.abap,
b_skill-ur0123-cut01_p6030_a.abap,
b_skill-ur0123-cut01_p6030_b.abap,
b_skill-ur0123-cut01_p6030_c.abap,
b_skill-ur0123-cut01_p6030_d.abap,
b_skill-ur0123-cut01_p6031_a.abap,
b_skill-ur0123-end.abap,
b_skill-ur0123-end_p6031_a.abap,
b_skill-ur0124-cut01.abap,
b_skill-ur0124-cut01_p0171_a.abap,
b_skill-ur0124-end.abap,
b_skill-ur0125-cut01.abap,
b_skill-ur0125-cut01_p0170_a.abap,
b_skill-ur0125-end.abap,
b_skill-ur0126-cut01.abap,
b_skill-ur0126-cut01_p0172_a.abap,
b_skill-ur0126-cut01_p0173_a.abap,
b_skill-ur0126-end.abap,
b_skill-ur0126-end_p0173_a.abap,
b_skill-ur0126-end_p0173_b.abap,
b_skill-ur0126-end_p0173_c.abap,
b_skill-ur0126-end_p0173_d.abap,
b_skill-ur0126-end_p0174_a.abap,
b_skill-ur0127-cut01.abap,
b_skill-ur0127-end.abap,
b_skill-ur0128-cut01.abap,
b_skill-ur0128-end.abap,
b_skill-ur0129-cut01.abap,
b_skill-ur0129-end.abap,
b_skill-ur0130-cut01.abap,
b_skill-ur0130-end.abap,
b_skill-ur0131-cut01a.abap,
b_skill-ur0131-cut01b.abap,
b_skill-ur0131-cut01c.abap,
b_skill-ur0131-cut01d.abap,
b_skill-ur0131-cut01e.abap,
b_skill-ur0131-cut01f.abap,
b_skill-ur0131-cut01g.abap,
b_skill-ur0131-cut01h.abap,
b_skill-ur0131-cut01i.abap,
b_skill-ur0131-end.abap,
b_skill-ur0132-cut01.abap,
b_skill-ur0132-end.abap,
b_skill-ur0133-cut01.abap,
b_skill-ur0133-cut01_p0178_a.abap,
b_skill-ur0133-end.abap,
b_skill-ur0133-end_p0178_a.abap,
b_skill-ur0134-cut01.abap,
b_skill-ur0134-cut01_p0179_a.abap,
b_skill-ur0134-end.abap,
b_skill-ur0134-end_p0179_a.abap,
b_skill-ur0135-cut01.abap,
b_skill-ur0135-end.abap,
b_skill-ur0136-cut01.abap,
b_skill-ur0136-cut01_p0180_a.abap,
b_skill-ur0136-cut01_p8006_a.abap,
b_skill-ur0136-end.abap,
b_skill-ur0136-end_p0180_a.abap,
b_skill-ur0136-end_p8006_a.abap,
b_skill-ur0137-cut01.abap,
b_skill-ur0137-end.abap,
b_skill0001-cut01.abap,
b_skill0001-end.abap,
b_skill0002-cut01.abap,
b_skill0002-end.abap,
b_skill0003-cut01.abap,
b_skill0003-end.abap,
b_skill0004-cut01.abap,
b_skill0004-end.abap,
b_skill0012-cut01.abap,
b_skill0012-end.abap,
b_skill0017-cut01.abap,
b_skill0017-cut01_p0176_a.abap,
b_skill0017-end.abap,
b_smapho-view-loop_c008.abap,
b_smapho-view-start_c008.abap,
b_stroke-head.abap,
b_surprise-loop_c001.abap,
b_surprise-loop_c002.abap,
b_surprise-loop_c003.abap,
b_surprise-loop_c004.abap,
b_surprise-loop_c005.abap,
b_surprise-loop_c006.abap,
b_surprise-loop_c007.abap,
b_surprise-loop_c008.abap,
b_surprise-loop_c009.abap,
b_surprise-loop_c010.abap,
b_surprise-loop_c011.abap,
b_surprise-loop_c012.abap,
b_surprise-loop_c802.abap,
b_surprise-loop_c803.abap,
b_surprise-loop_c804.abap,
b_surprise-start_c001.abap,
b_surprise-start_c002.abap,
b_surprise-start_c003.abap,
b_surprise-start_c004.abap,
b_surprise-start_c005.abap,
b_surprise-start_c006.abap,
b_surprise-start_c007.abap,
b_surprise-start_c008.abap,
b_surprise-start_c009.abap,
b_surprise-start_c010.abap,
b_surprise-start_c011.abap,
b_surprise-start_c012.abap,
b_surprise-start_c802.abap,
b_surprise-start_c803.abap,
b_surprise-start_c804.abap,
b_take-noogie-loop.abap,
b_take-noogie-start.abap,
b_thought-binder-loop_c801.abap,
b_thought-binder-start_c801.abap,
b_tire-loop.abap,
b_tire-start.abap,
b_totter-loop.abap,
b_totter-start.abap,
b_trouble-binder-loop_c801.abap,
b_trouble-binder-start_c801.abap,
b_turn-back-loop_c701.abap,
b_turn-back-start_c701.abap,
b_unique01-loop_c001.abap,
b_unique01-loop_c002.abap,
b_unique01-loop_c003.abap,
b_unique01-loop_c004.abap,
b_unique01-loop_c005.abap,
b_unique01-loop_c006.abap,
b_unique01-loop_c007.abap,
b_unique01-loop_c008.abap,
b_unique01-loop_c009.abap,
b_unique01-loop_c012.abap,
b_unique01-loop_c301.abap,
b_unique01-loop_c302.abap,
b_unique01-loop_c303.abap,
b_unique01-loop_c304.abap,
b_unique01-loop_c304_p6032_a.abap,
b_unique01-loop_c802.abap,
b_unique01-loop_c804.abap,
b_unique01-start_c001.abap,
b_unique01-start_c002.abap,
b_unique01-start_c003.abap,
b_unique01-start_c004.abap,
b_unique01-start_c005.abap,
b_unique01-start_c006.abap,
b_unique01-start_c007.abap,
b_unique01-start_c008.abap,
b_unique01-start_c009.abap,
b_unique01-start_c012.abap,
b_unique01-start_c301.abap,
b_unique01-start_c302.abap,
b_unique01-start_c303.abap,
b_unique01-start_c304.abap,
b_unique01-start_c304_p6032_a.abap,
b_unique01-start_c802.abap,
b_unique01-start_c804.abap,
b_unique02-loop_c001.abap,
b_unique02-loop_c008.abap,
b_unique02-loop_c802.abap,
b_unique02-loop_c804.abap,
b_unique02-start_c001.abap,
b_unique02-start_c008.abap,
b_unique02-start_c802.abap,
b_unique02-start_c804.abap,
b_unique03-loop_c802.abap,
b_unique03-loop_c804.abap,
b_unique03-start_c802.abap,
b_unique03-start_c804.abap,
b_unique10-loop_c001.abap,
b_unique10-loop_c002.abap,
b_unique10-loop_c003.abap,
b_unique10-loop_c004.abap,
b_unique10-loop_c005.abap,
b_unique10-loop_c006.abap,
b_unique10-loop_c007.abap,
b_unique10-loop_c008.abap,
b_unique10-loop_c009.abap,
b_unique10-start_c001.abap,
b_unique10-start_c002.abap,
b_unique10-start_c003.abap,
b_unique10-start_c004.abap,
b_unique10-start_c005.abap,
b_unique10-start_c006.abap,
b_unique10-start_c007.abap,
b_unique10-start_c008.abap,
b_unique10-start_c009.abap,
b_unisonattack-02-finish-hit-enemy.abap,
b_unisonattack-02-finish-hit-leader.abap,
b_unisonattack-02-finish-hit-member.abap,
b_unisonattack-02-finish-win-leader_c001.abap,
b_unisonattack-02-finish-win-leader_c002.abap,
b_unisonattack-02-finish-win-leader_c003.abap,
b_unisonattack-02-finish-win-leader_c004.abap,
b_unisonattack-02-finish-win-leader_c005.abap,
b_unisonattack-02-finish-win-leader_c006.abap,
b_unisonattack-02-finish-win-leader_c007.abap,
b_unisonattack-02-finish-win-leader_c008.abap,
b_unisonattack-02-finish-win-leader_c009.abap,
b_unisonattack-02-finish-win-leader_c010.abap,
b_unisonattack-02-finish-win-leader_c011.abap,
b_unisonattack-02-finish-win-leader_c012.abap,
b_unisonattack-02-finish-win-leader_c301.abap,
b_unisonattack-02-finish-win-leader_c302.abap,
b_unisonattack-02-finish-win-leader_c303.abap,
b_unisonattack-02-finish-win-leader_c304.abap,
b_unisonattack-02-finish-win-member_c001.abap,
b_unisonattack-02-finish-win-member_c002.abap,
b_unisonattack-02-finish-win-member_c003.abap,
b_unisonattack-02-finish-win-member_c004.abap,
b_unisonattack-02-finish-win-member_c005.abap,
b_unisonattack-02-finish-win-member_c006.abap,
b_unisonattack-02-finish-win-member_c007.abap,
b_unisonattack-02-finish-win-member_c008.abap,
b_unisonattack-02-finish-win-member_c009.abap,
b_unisonattack-02-finish-win-member_c010.abap,
b_unisonattack-02-finish-win-member_c011.abap,
b_unisonattack-02-finish-win-member_c012.abap,
b_unisonattack-02-finish-win-member_c301.abap,
b_unisonattack-02-finish-win-member_c302.abap,
b_unisonattack-02-finish-win-member_c303.abap,
b_unisonattack-02-finish-win-member_c304.abap,
b_unisonattack-02-finish-win-support.abap,
b_unisonattack-02-finish-win-support_p0004_a.abap,
b_unisonattack-02-intro-leader.abap,
b_unisonattack-02-intro-member.abap,
b_unisonattack-02-intro-support.abap,
b_unisonattack-02-intro_p0004_a.abap,
b_unisonattack-02-intro_p0004_b.abap,
b_unisonattack-02-intro_p0004_c.abap,
b_unisonattack-02-key-support.abap,
b_unisonattack-02-key_p0004_a.abap,
b_unisonattack-02-leader-qte_p0004_a.abap,
b_unisonattack-02-leader-qte_w0000.abap,
b_unisonattack-02-leader-qte_w1000.abap,
b_unisonattack-02-leader-qte_w2000.abap,
b_unisonattack-02-leader_p0004_a.abap,
b_unisonattack-02-leader_w0000.abap,
b_unisonattack-02-leader_w1000.abap,
b_unisonattack-02-leader_w2000.abap,
b_unisonattack-02-member-qte_p0004_a.abap,
b_unisonattack-02-member-qte_w0000.abap,
b_unisonattack-02-member-qte_w1000.abap,
b_unisonattack-02-member-qte_w2000.abap,
b_unisonattack-02-member_p0004_a.abap,
b_unisonattack-02-member_w0000.abap,
b_unisonattack-02-member_w1000.abap,
b_unisonattack-02-member_w2000.abap,
b_unisonattack-02-support-qte_c001.abap,
b_unisonattack-02-support-qte_c002.abap,
b_unisonattack-02-support-qte_c003.abap,
b_unisonattack-02-support-qte_c004.abap,
b_unisonattack-02-support-qte_c005.abap,
b_unisonattack-02-support-qte_c006.abap,
b_unisonattack-02-support-qte_c007.abap,
b_unisonattack-02-support-qte_c008.abap,
b_unisonattack-02-support-qte_c009.abap,
b_unisonattack-02-support-qte_c010.abap,
b_unisonattack-02-support-qte_c011.abap,
b_unisonattack-02-support-qte_c012.abap,
b_unisonattack-02-support-qte_c301.abap,
b_unisonattack-02-support-qte_c302.abap,
b_unisonattack-02-support-qte_c303.abap,
b_unisonattack-02-support-qte_c304.abap,
b_unisonattack-02-support_c001.abap,
b_unisonattack-02-support_c002.abap,
b_unisonattack-02-support_c003.abap,
b_unisonattack-02-support_c004.abap,
b_unisonattack-02-support_c005.abap,
b_unisonattack-02-support_c006.abap,
b_unisonattack-02-support_c007.abap,
b_unisonattack-02-support_c008.abap,
b_unisonattack-02-support_c009.abap,
b_unisonattack-02-support_c010.abap,
b_unisonattack-02-support_c012.abap,
b_unisonattack-02-support_c301.abap,
b_unisonattack-02-support_c302.abap,
b_unisonattack-02-support_c303.abap,
b_unisonattack-02-support_c304.abap,
b_unisonattack-02-support_p0004_a.abap,
b_unisonattack-finish01-leader.abap,
b_unisonattack-finish01-member.abap,
b_unisonattack-hit01-leader_w0000.abap,
b_unisonattack-hit01-leader_w1000.abap,
b_unisonattack-hit01-leader_w2000.abap,
b_unisonattack-hit01-member_w0000.abap,
b_unisonattack-hit01-member_w1000.abap,
b_unisonattack-hit01-member_w2000.abap,
b_unisonattack-impact01-leader_w0000.abap,
b_unisonattack-impact01-leader_w1000.abap,
b_unisonattack-impact01-leader_w2000.abap,
b_unisonattack-impact01-member_w0000.abap,
b_unisonattack-impact01-member_w1000.abap,
b_unisonattack-impact01-member_w2000.abap,
b_unisonattack-intro01-leader.abap,
b_unisonattack-intro01-member.abap,
b_unisonattack-key01-support.abap,
b_upward-gaze-loop_c007.abap,
b_upward-gaze-start_c007.abap,
b_wait-binder-loop_c801.abap,
b_wait01-loop_c001.abap,
b_wait01-loop_c002.abap,
b_wait01-loop_c003.abap,
b_wait01-loop_c004.abap,
b_wait01-loop_c005.abap,
b_wait01-loop_c006.abap,
b_wait01-loop_c007.abap,
b_wait01-loop_c008.abap,
b_wait01-loop_c009.abap,
b_wait01-loop_c010.abap,
b_wait01-loop_c011.abap,
b_wait01-loop_c012.abap,
b_wait01-loop_c301.abap,
b_wait01-loop_c302.abap,
b_wait01-loop_c303.abap,
b_wait01-loop_c304.abap,
b_wait01-loop_c701.abap,
b_wait01-loop_c801.abap,
b_wait01-loop_c802.abap,
b_wait01-loop_c803.abap,
b_wait01-loop_c804.abap,
b_wait01-loop_p8005_a.abap,
b_wait02-loop_c001.abap,
b_wait02-loop_c002.abap,
b_wait02-loop_c003.abap,
b_wait02-loop_c004.abap,
b_wait02-loop_c005.abap,
b_wait02-loop_c006.abap,
b_wait02-loop_c007.abap,
b_wait02-loop_c008.abap,
b_wait02-loop_c009.abap,
b_wait10-loop_c001.abap,
b_wait10-loop_c002.abap,
b_wait10-loop_c003.abap,
b_wait10-loop_c004.abap,
b_wait10-loop_c005.abap,
b_wait10-loop_c006.abap,
b_wait10-loop_c007.abap,
b_wait10-loop_c008.abap,
b_wait10-loop_c009.abap,
b_walk-backin-normal.abap,
b_walk-front-normal-loop.abap,
b_walk-frontout-normal.abap,
b_walk-left-normal.abap,
b_walk-right-normal.abap,
b_wave-hands-loop.abap,
b_wave-hands-start.abap,
b_win-brave01-leader.abap,
b_win-brave01-member.abap,
b_win-brave01-support.abap,
b_win-serious01-leader.abap,
b_win-serious01-member.abap,
b_win-serious01-support.abap,
b_win-tutorial01_c001.abap,
b_win-tutorial03_c001.abap,
b_win01-loop_c001.abap,
b_win01-loop_c002.abap,
b_win01-loop_c003.abap,
b_win01-loop_c004.abap,
b_win01-loop_c005.abap,
b_win01-loop_c006.abap,
b_win01-loop_c007.abap,
b_win01-loop_c008.abap,
b_win01-loop_c009.abap,
b_win01-loop_c010.abap,
b_win01-loop_c011.abap,
b_win01-loop_c012.abap,
b_win01-loop_c301.abap,
b_win01-loop_c302.abap,
b_win01-loop_c303.abap,
b_win01-loop_c304.abap,
b_win01_c001.abap,
b_win01_c002.abap,
b_win01_c003.abap,
b_win01_c004.abap,
b_win01_c005.abap,
b_win01_c006.abap,
b_win01_c007.abap,
b_win01_c008.abap,
b_win01_c009.abap,
b_win01_c010.abap,
b_win01_c011.abap,
b_win01_c012.abap,
b_win01_c301.abap,
b_win01_c302.abap,
b_win01_c303.abap,
b_win01_c304.abap,
b_wipe-tears-loop.abap,
b_wipe-tears-start.abap,
b_yes-loop.abap,
b_yes-start.abap,
f_jito-eyes-loop_c002.abap,
f_jito-eyes02-loop_c002.abap,
f_madarame-good-loop_c804.abap,
f_sad-loop.abap,
f_sad02-loop.abap,
m_default01-large-fast-loop.abap,
m_default01-large-normal-loop.abap,
m_default01-large-slow-loop.abap,
m_default01-middle-fast-loop.abap,
m_default01-middle-normal-loop.abap,
m_default01-middle-normal-loop_c701.abap,
m_default01-middle-slow-loop.abap,
m_default01-small-fast-loop.abap,
m_default01-small-normal-loop.abap,
m_default01-small-slow-loop.abap,
m_negative01-large-fast-loop.abap,
m_negative01-large-normal-loop.abap,
m_negative01-large-slow-loop.abap,
m_negative01-middle-fast-loop.abap,
m_negative01-middle-normal-loop.abap,
m_negative01-middle-normal-loop_c701.abap,
m_negative01-middle-slow-loop.abap,
m_negative01-small-fast-loop.abap,
m_negative01-small-normal-loop.abap,
m_negative01-small-slow-loop.abap,
m_positive01-large-fast-loop.abap,
m_positive01-large-normal-loop.abap,
m_positive01-large-slow-loop.abap,
m_positive01-middle-fast-loop.abap,
m_positive01-middle-normal-loop.abap,
m_positive01-middle-normal-loop_c701.abap,
m_positive01-middle-slow-loop.abap,
m_positive01-small-fast-loop.abap,
m_positive01-small-normal-loop.abap,
m_positive01-small-slow-loop.abap,
