bg_0000.abap,
bg_0017.abap,
bg_0018.abap,
bg_0019.abap,
bg_1001.abap,
bg_1002.abap,
bg_1003.abap,
bg_1004.abap,
bg_1005.abap,
bg_1006.abap,
bg_1007.abap,DOLLHOUSE　事務所（昼）
bg_1008.abap,DOLLHOUSE　レッスン室
bg_1009.abap,
bg_1010.abap,
bg_1011.abap,
bg_1012.abap,
bg_1013.abap,
bg_1014.abap,
bg_1015.abap,
bg_1016.abap,
bg_1017.abap,
bg_1018.abap,
bg_1019.abap,
bg_1020.abap,
bg_1021.abap,
bg_1022.abap,
bg_1023.abap,
bg_1024.abap,
bg_1025.abap,
bg_1026.abap,
bg_1027.abap,
bg_1028.abap,
bg_1029.abap,
bg_1030.abap,
bg_1031.abap,
bg_1032.abap,
bg_1033.abap,
bg_1034.abap,
bg_1035.abap,
bg_1036.abap,
bg_1037.abap,
bg_1038.abap,
bg_1039.abap,
bg_1040.abap,
bg_1041.abap,
bg_1042.abap,
bg_1043.abap,
bg_1044.abap,
bg_1045.abap,
bg_1046.abap,
bg_1047.abap,
bg_1048.abap,
bg_1049.abap,
bg_1050.abap,
bg_1051.abap,
bg_1052.abap,
bg_1053.abap,
bg_1054.abap,
bg_1055.abap,
bg_1056.abap,
bg_1057.abap,
bg_1058.abap,
bg_1059.abap,
bg_1060.abap,
bg_1061.abap,
bg_1062.abap,
bg_1063.abap,
bg_1064.abap,
bg_1065.abap,
bg_1066.abap,プールリゾート
bg_1067.abap,
bg_1068.abap,
bg_1069.abap,
bg_1070.abap,
bg_1071.abap,
bg_1072.abap,
bg_1073.abap,
bg_1074.abap,
bg_1075.abap,
bg_1076.abap,
bg_1077.abap,
bg_1078.abap,
bg_1079.abap,
bg_1080.abap,
bg_1081.abap,
bg_1082.abap,
bg_1083.abap,
bg_1084.abap,
bg_1085.abap,
bg_1086.abap,
bg_1087.abap,
bg_1088.abap,
bg_1089.abap,
bg_1090.abap,
bg_1091.abap,
bg_1092.abap,
bg_1093.abap,
bg_1094.abap,
bg_1097.abap,
bg_1098.abap,
bg_1099.abap,
bg_1100.abap,
bg_1101.abap,
bg_1102.abap,
bg_1103.abap,
bg_1104.abap,
bg_1105.abap,
bg_1106.abap,
bg_1107.abap,
bg_1108.abap,
bg_1109.abap,
bg_1110.abap,
bg_1111.abap,
bg_1112.abap,
bg_1113.abap,
bg_1114.abap,
bg_1115.abap,
bg_1116.abap,
bg_1117.abap,
bg_1118.abap,
bg_1119.abap,
bg_1120.abap,
bg_1121.abap,
bg_1122.abap,
bg_1123.abap,
bg_1124.abap,
bg_1125.abap,
bg_1126.abap,
bg_1127.abap,サクラの部屋（昼）
bg_1128.abap,サクラの部屋（夜）
bg_1129.abap,ミサキの部屋（昼）
bg_1130.abap,
bg_1131.abap,シオリの部屋（昼）
bg_1132.abap,
bg_1133.abap,レイナの部屋（昼）
bg_1134.abap,
bg_1135.abap,ヒヨの部屋（昼）
bg_1136.abap,
bg_1137.abap,ナナミの部屋（昼）
bg_1138.abap,
bg_1139.abap,アヤの部屋（昼）
bg_1140.abap,
bg_1141.abap,ユキの部屋（昼）
bg_1142.abap,
bg_1143.abap,ヤマダの部屋（昼）
bg_1144.abap,
bg_1145.abap,
bg_1146.abap,
bg_1147.abap,
bg_1148.abap,
bg_1149.abap,
bg_1150.abap,
bg_1151.abap,
bg_1152.abap,
bg_1153.abap,
bg_1154.abap,
bg_1155.abap,
bg_1156.abap,
bg_1157.abap,
bg_1158.abap,
bg_1159.abap,
bg_1160.abap,
bg_1161.abap,
bg_1162.abap,
bg_1163.abap,
bg_1164.abap,
bg_1165.abap,
bg_1166.abap,
bg_1167.abap,
bg_1168.abap,
bg_1169.abap,
bg_1170.abap,
bg_1171.abap,
bg_1172.abap,
bg_1173.abap,
bg_1174.abap,スイートルーム
bg_1175.abap,
bg_1176.abap,
bg_1177.abap,
bg_1178.abap,
bg_1179.abap,
bg_1180.abap,
bg_1181.abap,
bg_1183.abap,
bg_1184.abap,
bg_1185.abap,
bg_1186.abap,
bg_1187.abap,
bg_1188.abap,
bg_1189.abap,
bg_1190.abap,
bg_1192.abap,
bg_1193.abap,
bg_1194.abap,
bg_1195.abap,
bg_1196.abap,
bg_1197.abap,例のアイドル発表会場
bg_1198.abap,
bg_1199.abap,
bg_1200.abap,
bg_1201.abap,
bg_1202.abap,
bg_1203.abap,
bg_1204.abap,
bg_1205.abap,
bg_1206.abap,
bg_1207.abap,
bg_1208.abap,
bg_1209.abap,
bg_1210.abap,
bg_1212.abap,
bg_1213.abap,
bg_1214.abap,
bg_1215.abap,
bg_1216.abap,
bg_1217.abap,
bg_1218.abap,
bg_1219.abap,
bg_1220.abap,
bg_1222.abap,
bg_1223.abap,
bg_1224.abap,
bg_1225.abap,
bg_1226.abap,
bg_1227.abap,
bg_1228.abap,
bg_1229.abap,
bg_1230.abap,
bg_1231.abap,
bg_1232.abap,
bg_1233.abap,ミアの部屋
bg_1234.abap,
bg_1235.abap,ディオの部屋
bg_1236.abap,
bg_1237.abap,トリアの部屋
bg_1238.abap,
