b0001c000.abap,コルセットリボン
b0002c000.abap,サンセットビーチ
b0003c000.abap,サンフラワージャケット
b0004c000.abap,スローバラード
b0005c000.abap,カボチャの魔女
b0006c000.abap,オレンジスマイル
b0007c000.abap,サイバーストリート
b0008c000.abap,ロックンロール
b0009c000.abap,氷点下ライブ
b0010c000.abap,マジックショー
b0011c000.abap,晴れ着[2018]
b0012c000.abap,バルーンライブ
b0014c000.abap,クラシックメイド
b0015c000.abap,騎士道精神
b0016c000.abap,魅惑の看守
b0017c000.abap,キャンディワールド
b0018c000.abap,サンタ[2017]
b0019c000.abap,潜入任務
b0020c000.abap,黒ミサの時間
b0021c000.abap,電脳空間
b0022c000.abap,天使の微笑
b0023c000.abap,人形遊び
b0024c000.abap,カンフーシネマ
b0025c000.abap,風そよぐ丘で
b0026c000.abap,DOLLS
b0027c000.abap,殺戮人形
b0028c000.abap,ドールハウス制服
b0029c000.abap,CandyStar
b0030c801.abap,カナ
b0031c000.abap,幕末浪漫
b0033c001.abap,レッスン着サクラ
b0033c002.abap,レッスン着ミサキ
b0033c003.abap,レッスン着シオリ
b0033c004.abap,レッスン着レイナ
b0033c005.abap,レッスン着ヒヨ
b0033c006.abap,レッスン着ナナミ
b0033c007.abap,レッスン着アヤ
b0033c008.abap,レッスン着ユキ
b0033c009.abap,レッスン着ヤマダ
b0038c001.abap,私服
b0038c002.abap,私服
b0038c003.abap,私服
b0038c004.abap,私服
b0038c005.abap,私服
b0038c006.abap,私服
b0038c007.abap,私服
b0038c008.abap,私服
b0038c009.abap,私服
b0040c000.abap,イエローシャワー
b0041c000.abap,オールナイトダンス
b0042c000.abap,プリンセスライブ
b0043c000.abap,うさぎぃ着ぐるみ
b0044c000.abap,メメント・モリ
b0045c000.abap,冬のデート
b0046c000.abap,ひな祭り
b0047c001.abap,水着[2017]
b0047c002.abap,水着[2017]
b0047c003.abap,水着[2017]
b0047c004.abap,水着[2017]
b0047c005.abap,水着[2017]
b0047c006.abap,水着[2017]
b0047c007.abap,水着[2017]
b0047c008.abap,水着[2017]
b0047c009.abap,水着[2017]
b0048c000.abap,バニー
b0049c802.abap,デウス
b0050c802.abap,ローブデウス
b0051c803.abap,マキナ
b0052c000.abap,ウォーターバトル
b0053c000.abap,真夏の制服
b0054c000.abap,RAVEN
b0055c000.abap,浴衣[2017]
b0056c000.abap,秋分の制服
b0057c804.abap,斑目
b0058c000.abap,WhiteLily
b0059c000.abap,BlackRise
b0060c000.abap,白雪姫
b0061c000.abap,赤ずきん
b0062c000.abap,殲滅騎兵
b0063c001.abap,運命の歯車
b0063c002.abap,運命の歯車
b0063c003.abap,運命の歯車
b0063c004.abap,運命の歯車
b0063c005.abap,運命の歯車
b0063c006.abap,運命の歯車
b0063c007.abap,運命の歯車
b0063c008.abap,運命の歯車
b0063c009.abap,運命の歯車
b0064c000.abap,ウルフガール
b0065c000.abap,目覚めるミイラ
b0066c000.abap,冬の制服
b0067c000.abap,フェアリーダンス
b0068c000.abap,覚醒人形
b0069c001.abap,ケーキ作りサクラ
b0069c002.abap,ケーキ作りミサキ
b0069c003.abap,ケーキ作りシオリ
b0070c000.abap,寒空のトナカイ
b0071c000.abap,戌年の巫女
b0072c000.abap,フィギュアスケート
b0073c000.abap,キュートレスリング
b0074c000.abap,鹿目まどか
b0075c000.abap,暁美ほむら
b0076c000.abap,巴マミ
b0077c000.abap,見滝原中学校 制服
b0078c000.abap,ナース
b0079c000.abap,Tiny☆Ash
b0080c000.abap,ファッションリーダー
b0082c000.abap,SexyBeast
b0083c000.abap,レースクイーン
b0084c000.abap,体操服
b0085c000.abap,チアリーダー
b0086c000.abap,水泳競技
b0087c000.abap,TearRain
b0088c000.abap,もこもこキュートガール
b0089c000.abap,聖なる冬のドレス
b0090c000.abap,もふもふウィンターワンピ
b0091c000.abap,丹頂鶴の舞衣
b0092c000.abap,凛凛
b0093c000.abap,JuneBride
b0094c001.abap,水着[2018]
b0094c002.abap,水着[2018]
b0094c003.abap,水着[2018]
b0094c004.abap,水着[2018]
b0094c005.abap,水着[2018]
b0094c006.abap,水着[2018]
b0094c007.abap,水着[2018]
b0094c008.abap,水着[2018]
b0094c009.abap,水着[2018]
b0095c000.abap,七夕の織姫
b0096c000.abap,くノ一
b0097c000.abap,ShinyFeather
b0098c000.abap,メイドスチュワード
b0099c000.abap,熱砂の舞姫
b0100c000.abap,執行人形
b0101c000.abap,秋色の秘湯
b0102c000.abap,映画祭
b0103c000.abap,サンタ[2018]
b0104c000.abap,憧れの王子様
b0105c000.abap,NewYear[2019]
b0106c000.abap,任侠の道
b0107c000.abap,Sweet×Sweet
b0108c000.abap,カミナリ娘
b0109c000.abap,美濃関学院中等部制服
b0110c000.abap,五稜館学園制服・冬
b0111c000.abap,SleepyBeast
b0112c000.abap,FleursBlanches
b0114c000.abap,WonderMaze
b0115c000.abap,大正モダン
b0116c000.abap,アズマ リム
b0117c000.abap,キズナアイ
b0118c000.abap,海の家
b0119c000.abap,贖罪人形
b0120c000.abap,ナイトクルーズ
b0121c001.abap,水着[2019]
b0121c002.abap,水着[2019]
b0121c003.abap,水着[2019]
b0121c004.abap,水着[2019]
b0121c005.abap,水着[2019]
b0121c006.abap,水着[2019]
b0121c007.abap,水着[2019]
b0121c008.abap,水着[2019]
b0121c009.abap,水着[2019]
b0122c000.abap,QueenDoll
b0123c000.abap,ビジネススタイル
b0124c000.abap,お祭り騒ぎ
b0125c000.abap,お祭りサラシ
b0126c001.abap,Yシャツ少女
b0126c002.abap,Yシャツ少女
b0126c003.abap,Yシャツ少女
b0126c004.abap,Yシャツ少女
b0126c005.abap,Yシャツ少女
b0126c006.abap,Yシャツ少女
b0126c007.abap,Yシャツ少女
b0126c008.abap,Yシャツ少女
b0126c009.abap,Yシャツ少女
b0127c000.abap,OktoberFEST
b0128c000.abap,GloriousTunes
b0129c000.abap,カウガール
b0130c000.abap,サンタ[2019]
b0131c000.abap,テニスウェア
b0132c000.abap,テニスジャージ
b0133c000.abap,神滅人形
b0134c000.abap,和風メイド
b0135c000.abap,SensualBeast
b0136c000.abap,サイバーアーマー
b0137c000.abap,HARMONIC WEAR
b0138c001.abap,大切な時間
b0138c002.abap,大切な時間
b0138c003.abap,大切な時間
b0138c004.abap,大切な時間
b0138c005.abap,大切な時間
b0138c006.abap,大切な時間
b0138c007.abap,大切な時間
b0138c008.abap,大切な時間
b0138c009.abap,大切な時間
b0139c000.abap,深窓のお嬢様
b0140c000.abap,お嬢様の服
b0141c000.abap,お嬢様の服
b0142c000.abap,学生服-春Ver-
b0143c000.abap,宵闇の暗殺者
b0144c000.abap,AstroMemory
b0145c001.abap,水着[2020]
b0145c002.abap,水着[2020]
b0145c003.abap,水着[2020]
b0145c004.abap,水着[2020]
b0145c005.abap,水着[2020]
b0145c006.abap,水着[2020]
b0145c007.abap,水着[2020]
b0145c008.abap,水着[2020]
b0145c009.abap,水着[2020]
b0146c000.abap,ヤマダの水着[2017]
b0147c000.abap,サクラの水着[2017]
b0148c000.abap,ヤマダの水着[2018]
b0149c000.abap,シオリの水着[2018]
b0150c000.abap,浴衣[2017][ロング丈]
b0151c000.abap,浴衣[2020]
b0152c000.abap,浴衣[2020]
b0153c000.abap,浴衣[2020]
b0154c000.abap,浴衣[2020][ショート丈]
b0155c000.abap,NightThrush
b0156c000.abap,NightThrush(素体)
b0157c000.abap,神使偶像
b0158c000.abap,Dolls☆LIVE
b0159c000.abap,オフパーカー(1/2)
b0160c000.abap,オフパーカー(1/5)
b0161c000.abap,サンダーライン
b0162c000.abap,サンタ[2020]
b0163c000.abap,サンタ[2020](OFFポンチョ)
b0164c000.abap,清淑なるメイド
b0165c010.abap,【私服】ミア
b0166c011.abap,【私服】ディオ
b0167c805.abap,エクス
b0168c012.abap,【私服】トリア
b0169c000.abap,NumberS
b0170c000.abap,AnotherDreamer
b0171c000.abap,制服とエプロン
b0172c000.abap,制服とエプロン(夏)
b0173c000.abap,制服とエプロン(秋)
b0174c000.abap,スノーボーダー
b0175c000.abap,オフショルセーター
b0176c000.abap,華の花魁
b0177c000.abap,StimulateBeast
b0178c000.abap,WannaB
b0179c000.abap,がっこうの先生
b0181c000.abap,NumberS制服
b0182c000.abap,GraveOwl
b0183c000.abap,ラフスタイル
b0184c000.abap,スチームパンク
b0185c001.abap,彼女達の休日
b0185c002.abap,彼女達の休日
b0185c003.abap,彼女達の休日
b0185c004.abap,彼女達の休日
b0185c005.abap,彼女達の休日
b0185c006.abap,彼女達の休日
b0185c007.abap,彼女達の休日
b0185c008.abap,彼女達の休日
b0185c009.abap,彼女達の休日
b0186c000.abap,神和毘売
b0187c000.abap,摂動の歯車
b0188c000.abap,ヤマダの水着[2019]
b0189c000.abap,ヒヨの水着[2019]
b0190c000.abap,ヤマダの水着[2020]
b0190c100.abap,ヤマダの水着[2020]（シオリ・レイナ・アヤ・ユキ・トリア）
b0191c000.abap,ミサキの水着[2020]
b0192c001.abap,水着[2021]
b0192c002.abap,水着[2021]
b0192c003.abap,水着[2021]
b0192c004.abap,水着[2021]
b0192c005.abap,水着[2021]
b0192c006.abap,水着[2021]
b0192c007.abap,水着[2021]
b0192c008.abap,水着[2021]
b0192c009.abap,水着[2021]
b0192c010.abap,水着[2021]ミア
b0192c011.abap,水着[2021]ディオ
b0192c012.abap,水着[2021]トリア
b0193c000.abap,夏色ワンピース
b6001c000.abap,LoV4[ユダ]
b6002c000.abap,戦乙女[アーリィ]
b6003c000.abap,戦乙女[レナス]
b6004c000.abap,戦乙女[シルメリア]
b6005c000.abap,レナスF
b6006c000.abap,LoV2[ジャンヌ]
b6007c000.abap,宝多六花
b6008c000.abap,新条アカネ
b6009c000.abap,誓願法兵
b6010c000.abap,藤沢柚子
b6011c000.abap,GRIDGIRL[Initial Fighter]
b6012c000.abap,GRIDGIRL[GRID KNIGHT]
b6013c000.abap,リルル
b6014c000.abap,大星林檎
b6015c000.abap,プリムロゼ
b6016c000.abap,轟雷
b6016c100.abap,轟雷（シオリ・レイナ・アヤ・ユキ）
b6016c101.abap,轟雷（ヒヨ・ヤマダ）
b6017c000.abap,迅雷
b6017c100.abap,迅雷
b6017c101.abap,迅雷
b6018c000.abap,アーキテクト
b6018c100.abap,アーキテクト
b6018c101.abap,アーキテクト
b6019c000.abap,マテリア クロ
b6019c100.abap,マテリア クロ
b6019c101.abap,マテリア クロ
b6020c000.abap,高瀬梨緒
b6022c000.abap,東雲つむぎ
b6023c000.abap,リース
b6024c000.abap,リース(フェンリルナイト)
b6025c000.abap,アンジェラ
b6026c000.abap,轟雷・素体
b6026c100.abap,轟雷・素体
b6026c101.abap,轟雷・素体
b6027c000.abap,迅雷・素体
b6027c100.abap,迅雷・素体
b6027c101.abap,迅雷・素体
b6028c000.abap,YG with 西葉瑞希
b6029c000.abap,天宮さくら
b6031c000.abap,天宮さくら(戦闘服)
b6032c000.abap,クラリス(戦闘服)
b6033c000.abap,東雲初穂(戦闘服)
b6034c000.abap,望月あざみ(戦闘服)
b6035c000.abap,アナスタシア・パルマ(戦闘服)
b6036c000.abap,ニパ子
b6037c000.abap,ニパ子
b6038c000.abap,2B
b6039c000.abap,ヨルハ二号B型[deb[U]nked]
b6040c000.abap,9S
b6041c000.abap,ヨルハ九号S型[deb[U]nked]
b6042c000.abap,スク水
b6043c000.abap,アワシャ
b6044c000.abap,特攻の黒
b6045c000.abap,明鏡止水
b6046c000.abap,兼志谷シタラ
b6048c000.abap,聖翔音楽学園制服
b6049c000.abap,愛城華恋
b6050c000.abap,フローラ
b6051c000.abap,結城まどか
b6052c000.abap,小鳥遊暦
b6053c000.abap,佐伯リツカ
b6054c000.abap,ライブTシャツ(NumberS)
b6055c000.abap,水着のニパ子
b7001c701.abap,小鳥遊
