Filename,
p0001_r.abap,バインダー
p0002_l.abap,ノートPC
p0003_a.abap,
p0004_r.abap,
p0005_l.abap,
p0005_r.abap,
p0006_r.abap,
p0007_l.abap,
p0008_a.abap,クマのぬいぐるみ
p0009_r.abap,
p0010_a.abap,
p0011_r.abap,
p0012_a.abap,
p0013_a.abap,
p0014_a.abap,
p0015_r.abap,スマホ
p0016_r.abap,ペン
p0017_a.abap,雑誌
p0018_r.abap,ティーポット
p0019_a.abap,鏡
p0020_a.abap,
p0021_l.abap,
p0022_a.abap,水鉄砲
p0023_a.abap,
p0024_a.abap,
p0025_a.abap,
p0026_a.abap,
p0027_a.abap,
p0028_a.abap,
p0029_a.abap,
p0030_a.abap,小人
p0030_b.abap,小人
p0031_a.abap,リンゴ
p0031_b.abap,リンゴ
p0032_a.abap,
p0033_a.abap,
p0034_a.abap,
p0035_a.abap,
p0036_a.abap,
p0037_a.abap,
p0038_a.abap,
p0039_a.abap,
p0040_a.abap,
p0041_a.abap,
p0042_a.abap,
p0043_a.abap,
p0044_a.abap,
p0044_b.abap,
p0045_a.abap,
p0046_a.abap,
p0047_a.abap,
p0048_a.abap,
p0049_a.abap,
p0050_a.abap,
p0051_a.abap,
p0052_a.abap,
p0053_a.abap,シャベル
p0054_a.abap,
p0055_a.abap,
p0056_a.abap,
p0057_a.abap,
p0058_a.abap,
p0059_a.abap,
p0060_a.abap,泡だて器
p0061_a.abap,ボウル
p0062_a.abap,
p0063_a.abap,
p0063_b.abap,
p0064_a.abap,
p0065_a.abap,
p0066_a.abap,
p0067_a.abap,
p0068_a.abap,
p0069_a.abap,
p0070_a.abap,
p0072_a.abap,
p0073_a.abap,
p0074_a.abap,
p0075_a.abap,
p0076_a.abap,
p0077_a.abap,
p0078_a.abap,
p0079_a.abap,
p0080_a.abap,
p0081_a.abap,
p0082_a.abap,
p0083_a.abap,
p0083_b.abap,
p0084_a.abap,
p0085_a.abap,
p0086_a.abap,
p0087_a.abap,
p0088_a.abap,
p0089_a.abap,
p0090_a.abap,
p0091_a.abap,
p0092_a.abap,
p0093_a.abap,
p0094_a.abap,
p0096_a.abap,
p0097_a.abap,
p0097_b.abap,
p0098_a.abap,
p0099_a.abap,
p0099_b.abap,
p0100_a.abap,
p0101_a.abap,
p0102_a.abap,
p0104_a.abap,
p0105_a.abap,
p0106_a.abap,
p0107_a.abap,
p0108_a.abap,
p0109_a.abap,
p0110_a.abap,
p0111_a.abap,
p0112_a.abap,
p0113_a.abap,
p0114_a.abap,
p0114_b.abap,
p0115_a.abap,
p0116_a.abap,
p0117_a.abap,
p0118_a.abap,
p0118_b.abap,
p0119_a.abap,
p0120_a.abap,
p0121_a.abap,
p0122_a.abap,
p0123_a.abap,
p0124_a.abap,
p0125_a.abap,
p0126_a.abap,
p0127_a.abap,
p0128_a.abap,
p0129_a.abap,
p0130_a.abap,
p0131_a.abap,
p0132_a.abap,
p0133_a.abap,
p0134_a.abap,
p0135_a.abap,
p0136_a.abap,
p0137_a.abap,
p0138_a.abap,
p0139_a.abap,
p0140_a.abap,
p0141_a.abap,
p0142_a.abap,
p0143_a.abap,
p0145_a.abap,
p0146_a.abap,
p0147_a.abap,
p0148_a.abap,
p0149_a.abap,
p0150_a.abap,
p0151_a.abap,
p0152_a.abap,
p0153_a.abap,
p0154_a.abap,
p0155_a.abap,
p0156_a.abap,
p0157_a.abap,
p0158_a.abap,
p0159_a.abap,
p0160_a.abap,
p0161_a.abap,
p0162_a.abap,
p0163_a.abap,
p0164_a.abap,
p0165_a.abap,
p0166_a.abap,
p0167_a.abap,
p0168_a.abap,
p0169_a.abap,
p0170_a.abap,
p0171_a.abap,
p0172_a.abap,
p0173_a.abap,
p0174_a.abap,
p0175_a.abap,
p0176_a.abap,
p0177_a.abap,
p0178_a.abap,
p0179_a.abap,
p0180_a.abap,
p6001_a.abap,
p6002_a.abap,
p6003_a.abap,
p6004_a.abap,
p6005_a.abap,
p6006_a.abap,
p6007_a.abap,
p6008_a.abap,
p6009_a.abap,
p6010_a.abap,
p6011_a.abap,
p6012_a.abap,
p6013_a.abap,
p6014_a.abap,
p6015_a.abap,
p6016_a.abap,
p6017_a.abap,
p6018_a.abap,
p6019_a.abap,
p6020_a.abap,
p6021_a.abap,
p6022_a.abap,
p6023_a.abap,
p6024_a.abap,
p6025_a.abap,
p6026_a.abap,
p6027_a.abap,
p6028_a.abap,
p6028_b.abap,
p6029_a.abap,
p6030_a.abap,
p6031_a.abap,
p6032_a.abap,
p8001_a.abap,
p8002_a.abap,
p8003_a.abap,
p8004_a.abap,
p8005_a.abap,
p8006_a.abap,
p8006_b.abap,
